,mfccs_mean_0,mfccs_mean_1,mfccs_mean_2,mfccs_mean_3,mfccs_mean_4,mfccs_mean_5,mfccs_mean_6,mfccs_mean_7,mfccs_mean_8,mfccs_mean_9,mfccs_mean_10,mfccs_mean_11,mfccs_mean_12,mfccs_std_0,mfccs_std_1,mfccs_std_2,mfccs_std_3,mfccs_std_4,mfccs_std_5,mfccs_std_6,mfccs_std_7,mfccs_std_8,mfccs_std_9,mfccs_std_10,mfccs_std_11,mfccs_std_12,chroma_mean_0,chroma_mean_1,chroma_mean_2,chroma_mean_3,chroma_mean_4,chroma_mean_5,chroma_mean_6,chroma_mean_7,chroma_mean_8,chroma_mean_9,chroma_mean_10,chroma_mean_11,spectral_contrast_mean_0,spectral_contrast_mean_1,spectral_contrast_mean_2,spectral_contrast_mean_3,spectral_contrast_mean_4,spectral_contrast_mean_5,spectral_contrast_mean_6,spectral_bandwidth_mean,spectral_bandwidth_std,spectral_centroid_mean,spectral_centroid_std,rolloff_mean,rolloff_std,genre
m00002.wav,-1.0999178830606393,0.329554123594562,0.770869000468017,-0.012578586518414394,-0.5348690272343537,0.7220364438550582,-0.9201523876262693,0.6695396498897611,-0.4947734670389259,1.0333987376853286,0.3427972612945831,-0.09015579374519807,-0.020841548147305457,-0.8626002947961628,-0.6756055726228465,-0.241423808143042,-0.8315002993971098,-0.5565416048277152,-0.9728809317499694,-0.4335222640309946,-1.029687184293565,-1.0772799238084965,-0.36783145614326823,0.8004682832739729,1.1976725939132986,1.0829292301831317,-2.37593506245119,-1.4942245124824558,-1.276126933300634,-1.2675600965520406,-1.382860314510882,-1.510188367388832,-1.493821166944798,-1.4774893857767832,0.043108080987147274,-0.8634876074757617,-1.3112659374474065,-1.1963042236659476,-0.15578806245615173,1.7263422112337077,2.0885832701633125,1.757722857043291,0.9979725974005819,0.008391237216607284,0.8250549879474945,-0.49300300186692664,0.3354499069459031,-1.0218252088046031,-0.521287049748161,-0.8550097268197889,0.46282685540945434,jazz
m00039.wav,-0.15011813633293059,0.28854021002625646,0.1347046131363379,0.7497635051431989,0.09362026478438246,1.5464082664284156,-1.1841468523752305,0.6956001218001291,-0.8388619833466966,0.29213894266630114,-0.335096626110508,1.0766172777086511,-0.6530098039735468,0.7280142053370693,1.3873852631016461,0.6186547755269237,1.1707268306511571,1.3139562633491177,0.3606859290612945,2.9224440221178707,0.9995478278782509,1.7692733007564883,1.0758968912755893,0.6146173849254929,0.14054092339223626,0.48583639399894135,0.4390954526093339,0.05387389392014598,0.03715275009188562,0.04736169784912,-0.4447054350162026,0.1573636814938935,-0.32011469347218646,-0.438355475556163,-0.820953206846713,-0.779857227132173,0.4695025306998564,0.4279873049792161,-0.05427033284631087,0.19736056961242912,0.4200397276645566,-0.17674808265974265,0.19590273868356167,-0.3128738475792228,1.1663545117568768,-0.35441087637561053,1.1749496145314233,-0.6172535922129162,0.6345238714609819,-0.4617575798428767,1.0920615550397514,reggae
m00041.wav,0.9514204209065971,-0.7045136419805836,0.33779151196121615,-1.4786048845021036,0.13201965288370948,-0.7386697388709691,0.1884393163703374,-0.49767383961261963,0.6038837981231064,-0.6986401376353635,0.8791857097860347,-0.5509656693014481,1.0884695132817852,-0.06755725871215795,-0.33367393816301955,-0.44976202629202866,0.5613497372901338,-0.1978478196768158,0.3397477622969083,-0.31999684484416213,0.26466347860678086,0.8382695523455802,0.09141931847371992,0.21450505541641063,-0.03395073616770249,-0.6785690317415061,0.4462968454445323,1.6385571326807655,-0.6507794516183286,0.1133406868960891,-0.7067188293190161,0.10018586508277677,-0.4968560563562926,-0.6606204710141368,0.8237758834912231,-0.4950486502429297,0.6729280811431778,-0.3848044950125209,-0.9880190846768041,-0.7669866226187331,-0.5445131163740937,-0.3982476495915862,-0.07677973525595018,-0.8538821908835609,-0.966747043098562,1.0069018351281767,0.2827481477353161,0.8449586447710298,0.5424028339453995,0.9458771368390064,0.6856337248726155,pop
m00072.wav,0.5792383673951725,-0.4064372051449964,-0.20412077068908074,-1.4034732218812913,0.7310010207332558,-0.5877718941744826,0.4350825923664098,-0.05356293974980317,0.3536176462726409,-0.3266166819462085,0.6095139820813759,-1.5185418893807607,-0.25717332597162645,-0.48854790275064175,-0.5073588069060955,-0.3287366278160909,0.056765054544286424,-0.4997779054096374,-0.2736731204228852,-0.6216584577856706,-0.6987286891584434,-0.25735687564872844,-0.296856060544939,-0.38255327256005733,-0.1962523822543338,-0.654630749621933,-0.7593166274066185,0.33613464815706406,-0.85994698177222,0.0575497376705236,-0.4302666684649916,1.0246669965092656,1.6323453895941622,-0.0644511547240037,1.073720489017493,-0.9037931923644296,0.05163933446009437,-0.505164729849012,3.2920809598464023,-0.20372239443384024,-0.3142316740004971,-0.2330433439364149,-0.11081442652560974,-0.6695269776382233,-0.9619322906556051,0.6120826359298702,0.40982582271582857,0.29800673154896073,-0.04677072485273152,0.3910268518710252,0.638545841508432,disco
m00096.wav,0.41542254383233956,-0.2905263240545288,0.4095832418089424,0.2771530224307756,-1.5475927972532395,0.9448047423862264,-1.2148292879782345,1.0619457932336314,-1.3518745029869803,1.4366217081586679,-1.4810764072334133,1.202138515682076,-0.9223486644766384,0.5904496633208348,-0.2513749335147065,1.1186240229479474,0.5613172724325568,1.135796373107692,1.5868715108827471,0.9383834440231605,1.3450824490959081,0.029389466875093577,1.1112734711682126,1.5031079007790948,1.0983990015108873,1.4287502564263332,0.6385432565255641,-0.036688715464252834,-0.14298411540167622,-0.13994979613894024,-0.3607050173497187,-0.288257161179815,0.008668058245171837,-0.24931222880438053,-0.6343226261771018,-1.216743018200738,-1.1803250195527468,-0.20226451654051011,-1.1215514910266344,-0.38595586827670203,-0.28142821312331323,0.03153189673072931,-0.1377532095526461,-0.30069305041344074,1.6501008507791006,0.29807219235390703,0.48566755612210694,0.21300198071441462,0.28643600583391426,0.3800038197207531,0.5334816438271427,disco
m00102.wav,-2.112005112966931,1.3954307153954615,-0.3418696685744891,-0.4163305884897581,0.3522003208771114,-0.6140959805100435,-0.3758086823541101,-0.8895211698798462,-0.7052343801421789,-1.545441675547456,0.28479598594967026,-0.7805569824714659,-0.1658178497471728,0.07588549583385247,-1.611708891335997,-1.1736337987769307,-0.34081765449775947,-0.6225130259755502,-0.7906870258320435,-1.539712334342319,-1.496199381603837,-0.7116159952362885,-0.3095613193294235,-0.21572439725589143,-0.41223450195733824,-0.32327843674461637,-1.0272925093717007,-0.594022318613402,-1.1508870141745424,-1.2012424251251133,0.647094433039531,-1.1748980944948537,0.2933386557430115,-1.5382962500789854,-1.662701166000195,-1.6220938175860928,-2.1193206775629854,0.6297425483398456,-0.13366127404489253,1.790320249820361,1.6914602958853677,1.6025921199556967,1.1813772517237868,0.3894176875145577,-0.8997301543617102,-1.0558062900540583,-1.7867426467271117,-1.3341162583965314,-1.35344136133445,-1.3243483734917885,-1.315985231100394,classical
m00112.wav,-0.857653445201407,-0.46816687282849434,0.9080597126551363,0.39372078577082364,2.5512924896107028,0.3458736699850592,1.8448408412169104,0.8823465166173429,1.3308860748364526,0.05452864830043714,2.6426100549022866,0.36145766017230996,1.405505181551641,1.1454397892213783,1.2508234761317445,1.3435762718880704,1.454032264635393,0.7257936698944814,0.609988306073692,0.7851693587265082,0.8489236026411731,-0.24413674532154886,-0.141882530830821,0.4964936025934685,-0.07666363997886763,-0.4790825336826494,0.12004496723694019,0.32195990265051994,-0.5281437862169786,-0.3210855326943022,0.2715282103389445,1.1370178165453073,2.6214201876686265,1.7371984136358576,0.7067499516827855,0.3838402630378845,0.3761840198293165,0.8134540227380394,-0.19387523446909943,-0.2616322778114651,-0.1945228242074527,-0.43005146366276453,-0.3708675864235131,-0.6425936407848004,-1.0014446795821992,0.45159949420520185,3.2116247659734913,-0.2779339873825564,1.4089234718339207,-0.008620924870779893,2.492455967816837,reggae
m00138.wav,-0.3668874343116375,0.08422490681312976,0.07471015141228611,0.10627370236459159,-0.22461684886629424,1.0218402755312954,-0.2834208845658499,2.0487710982659557,-0.8824491493094675,1.5878373752044668,-0.26988762892061274,1.2626105746860752,-0.026238090372270654,0.435212773691301,-0.25310203065382053,1.1914218789718067,1.0537088381431607,1.3214186455496173,0.3917158428496033,1.0197758620689594,0.6563438723853496,0.2154709283594459,0.2533848724246527,0.03386197304290444,0.14295516567768948,-0.07061433634518058,1.004744198912682,0.6247607684980014,1.1614540901406545,0.6493276833002889,0.6964091594580392,-0.39145536247314555,0.26544790511848015,-0.03179231992358697,-0.1823726316542611,-0.05090804146900029,0.23821106762709662,1.0913858334806772,0.6698774812858417,-0.26564746237855225,-0.14252427623568403,-0.3000347272080715,-0.5590250549459658,-0.6864025931759337,1.143512116847385,0.03238959547758787,0.4172541814627832,-0.41036288569536733,-0.16905868742627247,-0.11940280353774893,0.5590282344340713,reggae
m00192.wav,0.46434373093571196,0.4911144706820911,-0.8323550389145635,-0.41142699915941233,-0.324953278602917,-0.08101343987402822,-0.8319886247671111,-0.6211998148006942,-0.3747591045591251,-1.1418344941213354,0.3023254985221574,-0.5972852473446476,-0.008320150104567194,-1.5398804524859722,-0.7314818923862706,-2.11268526391245,-1.8757048604379016,-1.515048291482561,-1.4013375948807179,-2.095549545810694,-1.8851605919957501,-1.8663194291229976,-0.9610568105478775,-1.4733315216504455,-0.8215493201934286,-1.041554859229873,-1.7110381136353205,0.4940094249549885,1.5161302321770476,-0.282584076665007,-0.2727419279789505,-0.8008840856162499,-0.5405294234783353,-0.2937015898769462,0.452009080912675,0.3136362748143122,-0.08961570647013813,-0.7040792299345106,-1.0069737676873307,-1.0486989602520982,-0.4698332943084141,-0.01197258146682535,0.24140021958995841,0.35386353617060107,-0.40515383126750504,-0.4306637048123129,-0.8027088300530617,-0.5417696402063089,-0.9340719732758763,-0.5696316166953702,-0.7808588898982705,classical
m00206.wav,0.41057164371107546,-0.550080863311743,-0.8864465977781042,1.276302303574675,-1.1082894320221341,2.1258618755150875,-0.947719571659392,2.042258186559267,-0.9375416341585797,1.668656788502552,-0.13280245675217447,1.3663187871575886,-0.46170822464958233,-0.9393907445156229,-0.7726993742539815,-0.3846901836705949,-0.4677513420771376,-0.8048570319740359,-0.577379952059812,-0.49633408533995393,-0.44450914600981206,-0.6666585219802117,-0.7963396877641679,-0.8130602313056032,-1.3456523125159223,-1.1579301203883543,2.027013401932739,1.4462125252171223,1.0323632825689881,1.1603915333490105,1.1671629193663695,1.617105126881423,1.7794154069100212,1.8589612861690292,2.0022963593949807,1.7752678742143224,1.4658489833028079,1.5555964680652428,-0.5446316252462375,-1.4042759879900992,-1.5637480223258342,-1.4588686775039872,-1.3071971236333282,-1.283473072980841,1.577005230797385,0.0321345658324755,-0.8521820420077758,0.4227606722688845,-0.21734896846170357,0.3004214209404802,-0.5434226787590178,hiphop
m00230.wav,0.4320892344759285,-1.5937442069264334,0.9810301141970672,0.43553703408873984,0.8879216386881452,-0.34343969331072227,0.5887185402074179,0.13703072028052388,0.7065647188585421,-0.7409106015950052,1.3766164427545795,-0.24561621918648252,0.10432301942376443,-0.6530638964252844,-0.4557933278528924,-0.22604600039398057,0.1950465523785379,0.7812073268023892,-0.8879019215280456,0.33350628044296826,0.031345085051748225,-0.6739298194137522,-0.5877730112730836,-0.5565997743177677,-0.6256972206733582,-0.4840710998167864,0.6158895042244789,2.508830467682926,0.5761185834965514,0.6286005370251563,1.684717794371565,0.10030807838788985,0.46015143715271367,-0.3039104549450522,0.26333403678891076,0.7360885709495202,-0.7019294148265462,0.0073190602626293155,1.2249356421747826,-0.8791639230994874,0.29538036185700267,-0.07014773530818469,0.06293987246958299,-0.5658009215938268,-0.867624665013193,1.092038961920636,0.38009893796959676,1.5758014802237792,0.5008698549044629,1.2854295160816482,0.38464898573880446,country
m00236.wav,-1.61118941515366,0.638580175125504,-0.8364719327903034,-0.5441965482087996,0.2764792561544658,-1.1418054101821862,-0.9191443848774238,-0.9715574335415371,-0.13404359168383562,-0.9219208108850168,-0.4785887141145439,-0.8959517617486421,1.0539154672869835,0.5315075955076103,-0.4204817316177272,0.30390393946061417,-0.03830791472501095,0.47632378494783656,-0.5467055223610646,2.343795168493239,0.9159714052889681,1.3010720908556432,-1.257959421447502,-0.4381011839312954,1.2914137051680854,2.539051852699184,-0.29534544940810903,-0.6130550200910119,-0.18176172301206464,-0.6765766814785013,0.5927931990789485,-0.4383924757892919,-0.924216434161376,-1.223681800771092,-1.4300400105113924,-1.457337918178806,-1.4036139497188511,-1.1524355972604212,-1.0771790447587632,2.453404812575616,1.536183785302592,1.614651446672784,1.4266868462810631,1.4306643673812307,0.18738594039859982,-1.1992947488820753,-1.0714266261860195,-1.1595588616219599,-0.8172061675138852,-1.1399985024753239,-0.9282818272169301,classical
m00248.wav,0.53593888815718,-0.43682191160521705,-0.4339743158248992,2.0284330493333083,-0.9769424094886808,1.472412710954553,-1.61236091282821,1.9530461874352247,-1.197448589633382,2.0940339102032386,-1.198718195658993,1.6248889660198242,-1.5308184987410973,-1.5972027772436936,-1.2727347577078152,-1.3273165333266463,-0.6876592557269617,-1.139128446513515,-0.9144173412681402,-0.9099018844608211,-1.3360530617387376,-1.0129837206306782,-1.1006414439699514,-1.325209517941958,-1.3205240005973338,-1.2682323179793293,1.0425761618902811,0.9362692126944583,1.0215370492915534,1.5767328676736974,1.6710847896038485,2.0203210401749154,2.1031575282287407,1.790368347094614,1.6202518455796313,1.8033468039700216,2.6552334136676707,2.278673220231406,-2.248655586830623,-1.436074614367539,-2.086668038656966,-1.7378111434389516,-1.4855684093016266,-1.1276764089244145,1.5879555633247642,0.09119794992149313,-1.337736237668275,0.3341566560656595,-0.4713611567318506,0.25532351162811046,-0.6896523911664368,metal
m00253.wav,1.0632942787443336,-0.15630168095476474,-0.5623402331384839,0.8134886771647701,-0.8992618190886046,1.977575862499041,-1.5631620802616044,2.0964164394883467,-0.725949726544745,1.1330605258473974,-1.7500912822285635,1.5968366734996609,-1.8737764805904342,-1.1817236482605034,-1.585582086763283,-1.3754900290816883,-1.3881588577931732,-1.106139402109316,-1.4088460036312775,-0.6764194580227461,-1.0524648852003056,-0.6981148016875013,-1.1273106753037745,-1.3920954758164612,-1.393815627510044,-0.8783781733811776,0.09729403745438266,0.3994636896398459,0.04672193302233811,1.7125887622779576,0.18569779783067653,-0.17079962602822715,0.7687227656373211,0.33507299716669886,-0.17487356697530307,-0.422995571398711,2.2647167648020825,0.44294111909048073,0.46386246315406787,-0.9668221552754577,-0.9228169080616324,-0.5606877202471359,-0.15470290892552685,-0.7854787416773961,1.7741941779626105,0.12053290695253614,-1.2955020047494867,0.09335881597626418,-0.726310709371361,0.2264722052568693,-0.8571129122573758,blues
m00298.wav,-0.4733867186461537,0.4079258194407849,0.002870296900265265,0.5102191077922523,-1.7459487458566947,0.42808194906812547,-0.6495338345830752,0.33467793548938957,-1.2009354039939315,-0.20419230377363867,-0.012911225759533759,0.10920123805192684,0.7273414033851932,0.7940711143972065,0.4848383140182486,1.345600739363685,1.3310173050525675,3.775629555032093,1.8712830970280836,0.6065721749909377,-0.45100454497147596,0.6308345101339863,0.41817506223514267,0.21119596520573636,0.7469401500040653,0.12036340357296921,-1.1271759989826735,-0.4131835424761618,0.805509787756054,-0.6923376348651928,-1.3059464098628781,-0.8705618788743328,-0.811058043376412,0.2654515301090567,-0.6124963382904078,-1.7447097266004468,-1.2625761806007127,-0.7842225828341527,-1.9793697272741142,0.45589719416313845,0.6959905815935182,0.10380964655216549,-0.3657303012345967,-0.20814380330598906,0.9992241459767078,-0.41809983914767573,0.19863009756932423,-0.6107045798501812,-0.1659341583010278,-0.41841978677525216,0.11471338747531694,blues
m00313.wav,-0.7375887049784977,0.8097612682201579,0.5254847452212061,1.8724798591855014,1.6667533988879069,-0.2698594634952474,0.9780342347319655,-0.36385024492390083,0.6999712189231891,-0.9574226205001454,0.9834041100362414,-0.8899381005034334,0.20922075311416022,0.14450164768464668,-0.8618822844047501,4.113267390811911,0.9574742128046223,0.6066454332037776,0.7352221191526526,-0.07143256204607976,0.319339029863791,-0.21655101094314408,0.3966816843127332,0.5781034279197315,0.3100470949705992,0.3552214842110175,-1.1816109199054674,-0.9067623735754324,-0.9189311355696639,-1.322362567060393,-0.9258396589361744,-0.5472371890700156,-1.4558259217129867,-2.234873583651882,-1.3009114558658461,0.3744773290036024,3.641285677656233,0.5087206601276145,-1.939452639708075,0.7567051442556135,1.0356848510508845,0.10211610789108082,0.10716061227016094,0.4319430428869978,0.41998107751808844,-1.1328006321338429,-1.1465877459834557,-1.4072602772437073,-0.6928327566857739,-1.2466518135451712,-0.3544609684619083,blues
m00338.wav,0.6818354165579686,0.40251180241480095,-1.0676519467064864,1.7837327279144921,-0.5704588929449154,0.6074164761370368,-1.3779176827823825,1.1997853739542785,-0.6689058408973361,2.0067528592419333,0.06327405267675126,1.332043284508745,-2.027837380886674,-1.1861518941142517,-0.9370905798817105,-0.9560777642041477,-1.3401958142215633,-0.6828810721893592,-0.05164237475928573,-0.03804670713869214,-0.1827362912178793,-0.41861672973087116,-0.10017176338338558,-0.10148611137414768,0.6351491038601056,-0.4201213518953076,-0.8804826979048833,-0.22075309477317467,-0.16598528981363753,0.8489303862291745,1.1570008273243984,0.40346885930439164,0.16872112859043079,0.06959999814771084,0.5876256538301676,-0.03823096049744649,0.10071226031530871,0.31961161676983174,0.7446490715411092,-0.9414564812795561,-0.7182923704203015,-0.5562885360053527,-0.5907675810694597,-0.09149165966487559,1.443457416268701,-0.4826041723832287,-0.4191170490709566,-0.43082082477812755,-0.6990503975922842,-0.4186509541161519,-0.5052846124342576,blues
m00339.wav,0.575711248221949,-0.1249100621915889,-1.628577730483906,0.9009344405890043,-1.3677307933400946,0.9977571311684496,-2.172633263957175,0.9929571158128692,-2.19036934129949,1.102120642480862,-2.7668028243286105,1.2434099015247446,-1.7372943312801823,-1.5284000257915227,-1.4417733158092603,-1.9419056940984232,-1.450473199138878,-1.5431164436374962,-1.5712857664147244,-1.8084456129881847,-1.462611204270152,-1.7257453766439879,-1.401583517589723,-1.4028021908602857,-1.5197355113309914,-1.3428986744718954,1.6701332334063583,0.4425934353410499,-0.3915104451050597,1.2984503172265371,-0.16383042250907542,0.20163525830273132,-0.4163475855818969,-0.3593910136198299,0.7216865085169156,-0.10285559173085161,1.8832725519720397,0.5618746008609095,2.842962497588122,-0.6153775230147234,-0.4723003409289653,-0.8725543319138214,-0.8582851259574478,-0.7724473272395848,1.519181301701336,-0.23840144506512467,-1.454018563488275,0.12544170157581233,-0.8226654909203568,-0.05633061957857846,-0.7961104297275652,rock
m00351.wav,-0.3212782715467568,0.3578864790984996,0.22872119893239726,0.5380511882949013,-0.7497685182215618,0.7676101436930218,-1.6722763130506555,0.6206599108069987,-1.3682930284221828,0.49330123626466416,-0.9751325965261419,1.3490106256180283,-0.5068000226821543,-0.7710148373097174,-0.9774998605093865,7.167802731028993e-05,-1.1741898162098825,-1.611673329545518,-1.2328076663637666,-1.2310403176169826,-1.2972244084974909,-1.3640361994903512,-1.4178328773345215,-1.2226995150504647,-0.7280472823139793,-0.961364706299813,-0.2816975703313189,-1.007283029161999,-0.1171862296395793,-0.41081407172893286,-1.1158774931474784,0.0017225931662799927,-0.5053288736782539,-0.2607945913729798,-0.6923222391537693,-0.06111111224549812,-0.333940534931188,-0.9092325279923407,-0.37155841650677385,-0.6297579635394602,0.4641596206803973,0.5836890758886788,0.6317015155069196,-0.13046766674626242,1.1236891270643192,-0.230088171411095,-0.013963032348186036,-0.6010711012786826,-0.7285776368847068,-0.3855899688001053,-0.03263907980846197,jazz
m00400.wav,-1.478045097418708,1.7875155127350462,1.8384979449585228,-0.586766704031835,2.625430575053771,0.9365972118230494,1.1060072235922538,0.42638314925485227,1.1080706329485575,-0.3777730409495888,1.9394069555164808,-0.15867894228184237,-0.2903130122235631,-0.34657421370745495,0.03395031734804568,-0.26495886103919364,0.27608615979098905,0.6641127295650673,-0.8377272659016489,-1.7103054012904553,-1.462504444459375,-1.3177097564544926,-1.3281656290163073,-0.8189333212916003,-0.886234095696383,-1.0661465658018905,0.47008139025729423,-1.0684624783439052,-1.1357438510459632,-0.21045431406837625,0.004010134352292666,0.14777109485277543,1.4119733655435418,-0.693458180246419,-0.17090416320140492,0.05077590010243711,0.6284727164472097,1.9096090128075485,1.4124859245687869,0.9421437853608329,0.7537863957556278,0.4717787477199865,0.29497133298159567,-1.0793084761236038,0.03398307706017951,-1.7872159140271586,-0.2392928313606935,-2.01372213426422,-0.8398923172533229,-1.8866406246097882,-0.7402521805977904,blues
m00421.wav,0.5184538083542539,-1.6929408471471963,1.3459476842108822,-0.05090569009456585,1.5204844546602463,-0.21206664437949793,1.6877424526032785,-0.16079824434468626,1.4271205152827573,-0.07584511550998711,1.9604414912136887,0.3113832141126599,1.3077000540511472,0.7981112883447817,2.3099025705087395,2.0029162881113614,1.7796118251183812,1.0543502643162397,1.1815787142511587,1.1032482078115609,0.9667300821687298,1.0775182422000498,1.5508666477305235,0.7860322075171486,0.7406755460002714,0.7267429228997807,0.8561262023433979,1.1647289606404638,0.5308397735024329,1.373104313523078,0.6968609977763655,0.27095335850702873,0.3622614212038722,0.5751654833917549,1.8169796809889964,1.422821625742388,0.6900890758090094,0.6457814292053691,0.6342766780294263,0.4114200662022463,-0.38333619266633684,-0.49060591553267185,-0.4264295836381921,-0.751173812933557,-0.9099622965838206,1.3324596764964687,1.4275215187934926,1.5397730490863022,2.572424710205968,1.3793970123736994,1.8688605281118131,pop
m00429.wav,0.2869602149902334,-0.04308648279187799,-0.3737921477742557,0.4295433098956895,-0.20861877347443863,1.708991679347013,-1.1634084641785858,1.6671772245961212,-0.5431271923648179,1.8055989067225993,-1.0410045039242732,2.030045727063924,0.11975530884730651,-1.2330882768603364,-1.2274624653648025,-0.8294387408367191,-0.5556168688676627,-0.20732574041319446,-0.6507691037375183,0.6727725508406004,-0.3011018839812577,-0.1329151748292176,-0.4973764933329473,-0.4519258823347613,-0.6092935127225274,-0.5933384374483636,1.3637032815954842,0.8557202952738504,0.29945293527281786,0.8032482176098619,1.2887147755753918,1.3313683611976856,0.9427586066652307,0.6054829796465031,0.7796888911918849,0.8352780172055714,1.1479147660589366,1.0257614619154174,0.499454412140947,-1.7981756954008998,-1.1613621439965527,-1.0483965654131429,-0.6780665648390999,-1.031753286711369,1.4064908331019352,0.07642376484216121,-0.8236343973702287,-0.09837985793916647,-0.3919677437902014,0.07855755162011098,-0.24264312151806586,hiphop
m00435.wav,-0.4305952031652549,0.47006436979758437,-1.2522591254610564,-0.7574415475665708,-0.07994958789183088,0.6306811649730192,-0.7686850295851241,-0.6436662285692936,-1.0376605306969668,0.14673897031066876,1.0224122384491372,-0.12377108630142451,-0.6657870830247881,-0.8006936014345869,-1.3819478012981636,0.8492986745197523,-0.2724549637274515,-1.1276387973330073,-0.17966035153882892,1.2908828973079716,1.2376054765384965,0.30510052233175045,1.2497366541217485,2.4860792575191653,1.8166543425251085,2.208815772689415,-1.0454823670399982,-1.7530226535908768,-1.2866121126862848,-1.4391708353888293,0.3388721794047969,0.5458947013361667,-0.5695393799218446,0.2587894403486142,-1.7239080363469081,-2.3235950398806033,-2.7770880102372457,-1.3558928907515706,-0.6886290017537158,0.27960697990566047,0.46310722390774867,1.5162393133884569,1.6765446097487544,1.328294203142842,0.9370672594043195,-1.009614214450648,-0.3325249767318093,-0.8284041625755483,-1.1605902224932059,-1.0086265081987411,-1.0448423870851062,classical
m00454.wav,0.33362125691440986,-0.6342069245455332,-0.45117612469975776,1.129303477623218,-0.5624633323378867,2.0441041325161224,-1.2475316619807981,1.2889082654379524,-0.3384501961726124,2.1102183021042333,-0.26125426656429684,1.987149487589372,0.6848556290104112,-0.7817862505362186,-0.6535458200524349,-0.281502098269423,-0.486035403406512,0.06659890092474775,-0.7778705163450147,-0.8273359645882673,-0.5830563052298203,-0.6560006949182898,-1.0025437080953696,-0.42817741041064783,-0.7888315305703176,-0.16758765158118222,1.210313044249855,2.368239889158508,1.092015656648468,0.7909589470737548,0.898904424368412,1.5436001274895357,1.0897843691048945,0.6998733956781413,1.3206701984646643,0.576628198551922,0.4386261191075231,0.6364846954792374,0.5015548946442467,-1.6248012240072724,-0.7430811065428404,-0.8707834637879214,-0.6701129559715783,-1.0445422969559854,1.5347410694794834,0.17348679079936452,-0.47263284820143786,0.3487912700012434,-0.05826258129961971,0.3523813502669267,-0.2583784706840994,hiphop
m00477.wav,-1.9371671747796202,1.0008740364400082,-0.3158916928864606,0.2711634271809945,0.8705643511689888,-1.0055398037508765,0.7250545990842816,-0.3973467601330567,0.9047500940118626,-0.7381213654670175,0.37770491913544707,0.10892969533069166,1.663582534698884,0.07282805811443305,0.4877864383611277,-0.5521298959740899,-1.2683657302040252,-0.8998410317693982,-1.575043279408154,-1.1718859405640536,-0.7431280032890364,-0.9898026645790083,-0.13331244556833627,1.070651405298092,1.1329515061241868,1.781409048141381,1.62681544486178,-0.5065344556997353,-2.4547748117394983,-1.9692140906362037,-1.3689846080178931,-0.9104000715560053,-1.5029283779170182,-1.1543931433535073,-0.9876811616270821,-2.302699044802604,-1.229283155251079,-0.5073599412519744,-0.37446638509797286,1.9535443597143283,2.8525137130700187,1.8956529915641143,1.2951578538267292,1.2982360154848103,-0.8500333131531639,-1.127503128745912,-1.1318630165731745,-1.3373206245157376,-0.9588688926310428,-1.2505127136949354,-0.9970534844967845,classical
m00501.wav,-0.14262811708138848,0.2332227596829199,-0.10083364286739903,0.08828220742726735,0.4158576309806807,-0.2651461447656096,0.6263791727566218,-0.30234077231522993,0.3871753424468363,-0.7234395359639925,0.14363895845898061,-0.7519998043670887,-0.49692763963739817,-0.23671613654509385,-0.8106488893286802,0.9335087570502536,0.32048343915594385,-1.083508409635802,-1.0528887047298179,-1.570473907247255,-1.0249144704435311,-1.1306148870972117,-1.3790629993547472,-1.088350164499683,-1.0477532435009616,-0.9882848986385435,0.2558016238756609,-0.6719247652587647,-1.6131475474521746,-1.4167616922639146,-0.8600658032002246,-0.07907403794540682,-0.568194031685509,-0.17904406187768607,-0.1364028836708513,-1.1566849645445498,-0.5054627166210713,-0.16825396565907827,-0.15205502342523997,1.6780127776181264,1.0644887080058383,0.7347539380351177,0.29226549723050194,-0.09718752852860342,-0.835076304722071,-0.25391807142053957,0.05247688370680387,-0.7137899944030018,-0.8167556892257534,-0.6323469107247309,-0.45370039448891897,jazz
m00503.wav,0.40368486287178246,-0.23416866225113098,-1.862825077605665,1.131022807136386,-0.42744037820673114,1.7239131889629917,-1.1350646303490202,1.981905581737815,-1.3492384760044187,2.182893142382035,-1.2603503217083722,0.9123036304568525,-2.551597983620738,-1.41387151339732,-1.2811762021775308,-1.3244623348683582,-1.5550876632790642,-1.1757212026981534,-0.7767225027917123,-1.1464005914829667,-0.8276947607003514,-0.6391533816340269,-0.9993943558324533,-1.0425538453419723,-1.1811442227756062,-1.0332293935647738,-0.14830737060211494,0.08550243580111108,-0.4586382298007219,0.21967360074820044,1.30906477899181,0.6603833536925968,0.12724767136405385,0.2924704147596911,1.7325541634612214,2.0614948605799213,0.6562674538278586,0.1331382153361891,0.07023033734980624,-0.5218552587180616,-1.1012763489770576,-0.5228670082997456,-0.8657181914099679,-0.4562149420394952,1.4311317863763904,-0.32867776262092463,-0.8086284551385191,0.1173818952326015,-0.7542880188217411,-0.12366114929116545,-0.4793201153322227,metal
m00513.wav,0.7037398369599656,-1.301891614873658,1.0653682057923541,-1.3000470261148425,1.251875658076537,0.10325692007852677,1.7872266802001544,-0.3976075766970073,1.686578414873257,0.14654933342568188,1.0379643168134622,-0.16930685504961382,2.0886845899501894,-0.2690983192850289,-0.37258688745843654,0.340592131484852,-0.08938514365727984,0.024656458415120423,-0.5980051081583246,-0.14119470638459897,0.042574015912274187,0.009347966022537296,0.30809830246525655,-0.4660297325109416,-0.14570022258530851,-0.04610522327493516,1.8855708652050638,1.3570062378894194,1.5793174383130755,0.36836108845310467,-0.020338886444125577,0.12305930726774139,0.33539428586573694,0.7619032647668968,0.5096396848540578,1.0759749725722723,0.8371197473599946,1.0836242251501709,-1.1823112675053176,-1.8137758843497918,-1.0978286116817335,-0.5195840180573542,-0.18527002116138203,-0.4854275970556807,-0.8656531242655973,1.61485415000942,0.6999484147225759,1.9047355638989085,1.3615847777832768,1.7436640192556923,0.8061777896562122,pop
m00553.wav,0.39298060999293816,0.26009556666696143,-0.7773038863264939,-0.6038498314499219,1.8567675666563288,0.33577657881069,0.657038010948416,0.07955260798476073,1.1649435081128343,0.35495143829551656,1.2392636238638897,-0.35301507211615707,0.7791187883066991,1.4027525123593465,2.1502626401052174,2.0294699632201656,0.6172190721167793,1.8967120191025117,-0.8503554149879751,0.22960058353380497,-1.1024564323057213,-1.5949369730326888,-1.3227801456047381,-1.2530075393522837,-1.087533457935292,-1.0252804810321392,0.031107053277361154,0.362451507087574,1.1568971379713695,1.0094178049679505,0.43317053852412457,0.9187106338879093,0.21219092328197542,0.447837355526503,0.19011876661077876,1.0183495886574616,1.850704256552279,0.19542274874492238,1.4173792981449074,-0.4975301561033732,-0.5372376225358912,-0.642332196290048,-0.13006754997086542,-0.1860517167754382,-0.8831287984837358,-0.18007937494814713,4.027413278149789,-0.2727213122546647,1.093838481877825,-0.29431536925116675,1.974095360686206,disco
m00606.wav,-0.16601916316918436,0.9704556436231804,0.8327726823989399,-0.005470798359621704,0.30907529515633136,-0.6928227549858339,-0.007642413432718149,-0.5786017788019916,-0.22663808538958077,-1.0618767878847202,0.02551894944948028,-0.7000622087801082,-0.1870700018451224,-0.08608198290178018,1.0605396176924333,-1.5500656181414458,-0.9969019140451764,0.10268808998306221,-1.0153560482192108,-1.9465383926748578,-0.4918801249764651,-0.8014954984345525,-0.3961506483246408,-0.6653938806380609,-0.8383117431560696,-1.0532735751648277,-1.1699831070381077,0.4596205756471414,1.331819478098118,-0.13823301569337848,0.3087785557427653,-0.757347075093934,0.5616577403098498,0.09850320699886284,-0.5840489800864237,0.10310674424227345,-1.1037752367513267,-0.16616488748796052,0.6943566366926183,-0.9448626532497473,-0.061598283165046216,-0.08540491186961655,0.15039246978373905,-0.06157233204089142,-0.925657763201297,-0.4371081596136063,1.2146945282692942,-1.0011696000608001,-0.20549652862227424,-0.8937728398780291,0.4701196733306975,country
m00623.wav,0.39873762576059296,-0.7855008704576323,0.6669991413556718,-1.033779732566762,1.2108097707818344,-0.9142224891825955,-0.10609725312683962,-0.13250541184203365,-0.22225350981146758,-0.7990453627980721,1.2385074246670458,-1.0401015490740997,0.19586717360471764,0.8333090445124565,1.1184451658996575,1.6365569461438505,2.2963244510876444,2.6977565039338423,1.1546828803684686,1.797602165043895,1.2347363891701106,1.7497388424707838,1.2210957802697584,1.6007213306080068,0.3599502512361623,0.5387023381013059,0.020220610550910262,1.0633141551753402,0.7549548844716648,0.40183216885995093,0.6392497253923868,0.672847824358288,1.345788870547262,0.17331989519299523,0.24712959729370676,0.7566255211022145,0.0008761302341922981,0.25559088699037535,2.0062606942385273,-0.6514162948892144,-0.7097833368837352,-0.6377918853925009,-0.6929017688344231,-0.9913756647967652,-0.96221424991457,0.9813417813682804,1.9137933681029125,0.8211605118094863,1.6525175178758251,0.8630300063144477,1.9460453097559158,reggae
m00627.wav,0.6667920293551831,0.059111921562190084,-1.2551918706933498,1.3022596561538402,-2.012726658418944,1.6707393875819805,-0.9529903484207424,1.1544672843931219,-1.3626420287810792,0.7747179577198127,-0.9449749532087012,0.8698726523067631,-1.3269113510212147,-1.3561288519068813,-1.3966847766002612,-1.143116064867877,-0.7878860821607797,-1.234616648450493,-1.053886368518834,-0.6429823644343603,-0.8922919304133422,-0.10771701043613133,-0.8488835173354556,-0.4587164497756637,-1.0270495731557825,-0.7707045241557187,0.6642824651078799,0.8307923823184932,0.7245336179912893,2.1997731892228876,1.3616480342915034,1.3489279688763334,1.303756031685777,0.8885281802365455,1.6031427800083191,1.1831605264000935,1.2520631529426496,0.5157178404971139,-0.7814351857787605,-1.2707286899835148,-1.5169386948484802,-1.2766999296558459,-1.255954848958829,-0.7159190459839571,1.4438125807749909,-0.25207696361337306,-1.2557322679045084,0.020839545293256132,-0.8929275185414653,-0.02654653270897026,-1.0584613887795775,metal
m00629.wav,0.4816598995102199,0.594851218654556,-0.20717489478177903,0.5595106202199254,-1.2701529179299558,1.1370391891988132,-1.5845495939116123,1.1743059009951964,-1.6769202687620544,1.43161436215677,-1.9733021116331908,0.7538810488034673,-0.7407640586905813,-0.8800733644379571,-0.7583846014043802,-1.638290761284893,-0.9954056014365512,-0.006146545847375856,-0.6180768786351649,-1.5033995264628666,-1.2988370319485263,-0.505845208502358,-0.9347405419760092,-1.0410984298725878,-0.36184480303678634,-0.7004807215836029,-0.6082196076369628,-0.1074435160885561,-0.9683227291424101,0.30376719726655554,0.6273456228492991,-0.7977605708287282,-0.1156491995724241,-0.72258350789758,0.8569952188154784,-0.17939713320548606,-0.41128287820972975,0.966091299002501,0.11591929361944174,-0.3271989253671753,-0.10534138432274842,-0.09584699004748196,-0.11722552830185441,-0.568828878894652,1.4204456388977795,-0.21884882777089196,-0.23285984527813844,-0.5387017160593743,-0.6045999864187118,-0.33678527089857085,-0.08592662445819294,country
m00633.wav,0.1923040064079222,0.3146879859442401,-0.08166303182682101,1.2400935355748937,-0.16989129758088484,0.9740540233557623,-1.1589901438971897,0.7601701741041279,-1.191552087412804,1.1283051294973514,-1.5711655864555374,0.8481230774168714,-1.0439085230349665,0.14018872623610468,0.2829000009587,0.1591657429651723,0.7970651074198853,1.061142070368696,0.9899598632833664,1.451239110608186,0.9095873887278262,0.6846189488236819,0.5418282825273536,0.16893399137374962,0.1951504038209391,0.07533082247366638,0.22149939780572972,0.08101074694293338,0.10635741064162103,0.37208067172933745,-0.11840388895117131,0.6795065198031861,-0.06559671332121729,-0.38593249027442755,-0.6049582847815091,-0.17177494078191127,0.8449369838012867,0.05659062946226825,0.2029533335716956,-0.049782157382297645,0.14248920190509004,-0.08694931307449219,-0.004429047795027914,-0.1766704926619204,1.2366460313662035,-0.2619566840425671,0.22914822880283117,-0.5407083569071917,-0.2158624676355593,-0.3757552178934059,0.13747911578409805,country
m00637.wav,0.1897643553595231,-0.10317732858640923,-0.7439836574628468,0.8920947484079963,-1.3586899368702356,1.5853718481341175,-1.0564413008419868,1.34412827017419,-0.13311322921940213,1.2350621093400769,-0.18331722498248262,1.7186909840625288,-0.41224191937884097,-1.2240486802304091,-0.2866857483758079,-0.4224140169810044,-0.6548480249702274,-0.10397573165723313,-0.46407901658811324,0.549346276790091,0.2386493045085891,-0.054258559932782134,-0.5776318682143327,-0.20017294868281224,-0.39890243559973665,-0.3843839980939816,0.9297961375717309,1.1288706467502088,0.6186233650597027,0.5354937893230265,0.6374499193085744,0.8332122639601457,1.1273144955878938,1.6687858232331307,1.2245799900120369,1.2687355123229767,2.3107864162497305,1.1488654870958397,-0.821339149516243,-1.432245215364992,-0.9766992711359908,-0.887622948780988,-1.1086037350813887,-1.1028708421439561,1.311634163334281,-0.1273187376589959,-0.6909485087953658,-0.07767673772289509,0.055911127075289266,0.008444902681958619,-0.3077185687273408,hiphop
m00658.wav,0.3161101219534423,-0.5688232551689039,-0.5496219515650875,1.3069589566319773,-0.6676733221820446,1.7328870872277307,-1.3260377910121561,1.8873474669133683,-0.5115941913692026,1.8770458911021355,-0.4242530908567483,1.4837662584791234,-0.3878112000702124,-0.6010882679111879,-0.84548358692688,0.17613754766626874,0.16673768476472212,1.0230087670863754,0.13320227290872497,0.9601217945163842,0.5160121734004569,0.27701406648706006,0.1294949429785913,0.2698622713614834,0.17990638015346153,-0.04334383363686421,1.178030456922427,1.3935288302895301,0.9043552372000805,1.1683962833226336,1.5505363123768852,2.2539676650166016,1.6085517554077868,1.000463278695874,1.109400168648601,1.209029531246921,1.716636310293041,0.9939096251441407,0.13602982100992334,-1.9109716756674338,-1.4008069451502414,-1.267729674776274,-0.8669599998117,-0.9626984882969734,1.5282475202505306,0.10954721147291265,-0.832168273525309,0.3027668137531646,-0.27348449188584045,0.29643885376919,-0.5655034088412504,hiphop
m00671.wav,-0.7523619795879405,0.17119630358172722,0.5881690082001954,0.1884819012517686,1.5440589047307398,0.03161845672331884,1.3642956868268639,0.01836958849941508,0.6335427313408335,0.31949338867955934,1.050894702712104,0.9376592719661803,0.38709196903340465,1.178031002525225,1.3659787392486071,3.1291242334840597,0.8557332547050129,1.3606616380541965,0.3915453335979868,0.8816332040202527,0.21445158805685427,0.4032437357524599,-0.10203088734913053,0.29058450767144606,-0.07715857853817025,-0.20726304727242845,0.7212421481922663,1.0960063293481224,1.368828743846797,1.0728174234696872,1.0170008594511746,0.9264054408689977,0.4078660711230756,0.2598612126999843,0.4276819685131789,0.897620655395931,0.6568071548684914,1.0259542482289579,0.3938749036583857,-1.675449665613079,-1.2047676060117196,-1.2071795691368137,-0.8975809921371113,0.011438086932392235,-0.3886765661111138,0.03534498003798141,3.7659263682036768,-0.39980667142849274,1.9113854924773865,-0.31322647996371883,2.719782520664911,reggae
m00676.wav,1.1596392379277722,-0.25934592261927525,-0.360877098745007,-1.157855791562721,-0.1911569180891214,-0.6657921254782375,0.33143499792432995,-0.33081924216529884,0.24990625884095202,-0.8757873300766529,-0.045067422672592165,-0.8081914397623754,0.39316187408380876,-0.5588086667675756,0.5066133859714002,-0.3963444784822738,0.04480090018879669,-0.27007477646326034,-0.46423567581026626,-0.072742549208945,-0.6175995976541471,-0.9139824178080969,-0.3613473994792135,-0.6226468368870905,-0.7493525192032472,-0.9840315367295419,1.3105634429734245,0.7463642264805255,0.5801908618623783,0.6236640663423969,0.3420574905913101,0.8426803216756327,0.7266091616267799,1.250340540333267,1.3444452886872418,0.7163172213180812,1.3763174773048885,1.3653148092324179,0.5720379378133084,-1.841548148874905,-1.7322634466108444,-1.0992482212503707,-0.9677367971379629,-0.9833377898330407,-0.9552487149608134,0.4006346934869897,0.9517661313894786,0.23458090992794967,0.10347471972790999,0.26639115501960825,0.7183570602642501,pop
m00677.wav,0.06675180388713779,0.7537005884342055,-0.3575270583065039,1.0224959731339835,-0.12387563068864937,0.750814416556385,-0.5626489530889418,0.40745145993479537,-1.9406185506022184,-0.43135791124546025,-1.0324676873391823,0.10655088008965644,-0.3636999205749556,-0.6026512833875268,-0.05491092714644096,0.014556192833099032,0.24889403445848812,0.5549310578777111,0.4536608690708908,0.10595439125069266,0.11978931476581876,-0.11275176703716888,1.4201135534686784,0.17114951428615555,-0.12557649933060985,0.47207053912720237,-0.4072728196956774,-1.0938470104700042,-1.1205979104170776,-1.304994353094727,-0.49656872816032105,-0.39554397643430766,-0.5435750440580923,0.44218020591211826,-0.8782241761162939,-1.072468907206461,-1.7097051139587927,-0.16859386069270707,1.7689540727548683,1.3993436704501552,1.7923408659292794,0.9160682454908999,0.8668925704622016,1.0773058044095936,1.234963330014402,-0.8138581377901258,0.2747644139779411,-1.0517363323642772,-0.25176440806357175,-0.887271765361147,-0.02472691581719119,country
m00678.wav,0.3904636593612017,-0.17795678105994728,-0.6869990612490166,1.1876595219608344,-0.2003040012198456,1.4439395543185087,-0.33501303540313665,1.3297524660092328,-0.7254816240538481,0.8417744679568294,-0.4486080713776821,1.1824418918186328,-0.832338895081283,0.8823948173533175,-0.5337822731650482,2.4723129937052097,-0.9808466994416348,-0.008394182472374168,0.0841153062628566,0.584526392411725,0.02407573249278153,-0.440770832694113,-0.18884618721311242,-0.7996782260597508,-0.8834829677503357,-0.4686255046885607,1.195901994218864,1.8693350298396738,1.5883322784740523,0.7633631713682609,0.7995327650278414,1.1842636792638446,1.9362104332697858,2.1633077779625753,0.8670615807664815,0.23360288415375877,0.2745907173466952,0.9277823522313643,1.4373853549387001,-1.1137798233397305,-1.1538433387404083,-1.2048574848386842,-1.0468992836761641,-0.6563883122449572,1.345643783332369,-0.2191502618795922,0.391932225026053,-0.13369069697756863,0.07763374831335909,-0.15203389871107004,0.2759407907069084,metal
m00716.wav,-0.3953832785307098,0.1715496231266019,-0.37153121480117796,0.7501514381312699,-1.2043483618815973,1.435962720890956,-1.310516987079093,0.901098962491582,-1.1016302532734685,0.8254226411606167,-0.5457325559173009,0.9749892093830232,0.3842843313214225,-0.20788633558920513,0.18078665234143843,0.7638660709267064,-0.11408113640645279,-0.7990955382323748,-1.2481065627982915,-0.8000661037455132,-0.6282606103460037,-0.7049483629068273,-0.4406559377451969,-0.30317522142847325,-0.35208813253124616,-0.16853727341929295,-0.06571876540265542,-0.116905609317587,-0.23121951367544555,0.43744152504945144,-0.15362543065314452,-0.5434887140338208,-0.30383376706871656,-0.39198596469458036,-0.09558456147505802,-0.2665410818987174,-0.1955822731114614,0.41805981742585624,-0.20193268811536624,-0.8717679255560775,-0.187642869077537,0.03786435254613473,0.21364366700963847,-0.38580460497888974,1.066024601586281,-0.2631882591301156,0.4989414705335516,-0.36623758052321864,-0.12128299103717734,-0.2242676093911619,0.26909854461086846,jazz
m00762.wav,-0.05130512362061121,-0.9760944041463299,1.4747084251301106,0.12456520256627553,2.3032048549786253,0.7432015684458166,1.2710517946244213,0.2838168366147838,1.1790394576218486,0.08963017811936051,2.3061617943428083,0.12791418319249792,1.9346113070507815,0.9152041636406547,1.423588407143656,3.7006330384754023,1.1108225778113674,1.4943733154449175,0.4694492871023399,0.3988446675087587,0.8150202087115446,0.2818370662191274,-0.4284100908096057,0.2653061523768997,-0.4430598547481031,-0.10827453196609155,0.7497846848837965,0.7495745588818655,0.4911386470401832,0.6230915908155742,0.96862059425804,1.240218848041493,0.9069057399900312,0.5961409675943609,0.9491807918237264,1.3858378388600308,1.6318665889848096,1.2720429546814203,2.0221123055091064,-0.4788995123888982,-0.7405024510443148,-1.255974474083983,-0.9389792755660693,-0.9331815525727963,-1.019578025536497,1.0042810125576989,1.8864928773807952,0.6174122603667312,1.8828427317623857,0.7526090731446731,1.8775207743693956,disco
m00772.wav,0.17353747131068356,0.40837206686595534,-1.5294845765442067,1.1894103815862402,-1.1345168477562098,1.1432777684925968,-0.9830537452696758,1.3328275364061737,-1.7239924963301667,0.5485486185402701,-1.973768375319029,1.0177778417992316,-2.260373263872758,-0.7947797919425276,-0.3962664284631944,-0.4165027546452701,-0.7340054029332319,-0.9820234407915854,-0.6097979465787894,-1.0582233558816285,-1.2763364663031636,-1.1751863217115623,0.13621524191453624,-0.9230742123585396,-0.8669732615075423,-0.7700602541554409,0.17571512509064705,0.38589584156672274,1.1565314337643668,0.31449195981664313,0.5377201656875897,-0.22488222968037463,1.0894792317335282,0.6845172222677948,-0.017080445862797573,1.1198427471202819,0.14436891028332008,0.9312323539956281,2.973768214571636,-0.5749754212268647,-0.4714029399417054,-0.555242059612268,-0.6294945303337582,0.010964734049224618,1.17211140652211,-0.48326641065784653,-0.40424083328804133,-0.3177696548779481,-0.36215417429199187,-0.37570655108479545,-0.38893452745749685,rock
m00773.wav,-0.4107621957837231,0.06439429075775492,1.6109018694308201,-0.9571413139304831,1.003112085869097,-0.22911875849308957,-0.67830920607014,0.3606439018927131,-1.002520008932141,-1.07251307427058,2.39492225303324,-1.6927823201375136,0.27246266522383544,-0.11081341944206859,0.5714507639569956,0.9164254334602016,0.12373273282547656,2.1700975324577945,0.9051379739512446,2.302911235453231,0.8747643195622673,1.261066296878876,1.1012817303367441,1.110718838885924,0.5463011256394421,1.0125180664900006,-1.321378356234041,-0.8589480876966622,0.17161871513141597,-0.26380545788843135,-1.1199329158384257,0.3495717625848474,-0.5197528654765712,-1.0947479800318822,-1.1700940244173537,-0.9627362878146953,0.04448916529411089,-0.8212074391696084,1.884535171272493,1.3255918693683333,1.324824396882558,0.8265113961247935,0.46728175140459527,0.4225027246890255,-0.6944749294450575,0.40131845962522283,0.7578778250019811,-0.344936823839046,0.691117163680405,-0.1443607652201522,1.37915386182568,pop
m00801.wav,-0.4662023163342125,-0.8451797359828521,2.4058846763438426,-0.43865981985029995,1.1226258624475614,0.013583558649115195,0.7534941007517935,-0.09672303932621346,0.24297098624632257,-1.0366850426013616,0.8534118478932742,-1.037694504785268,0.07892551661715932,0.18202084593146808,0.4862169183248887,1.5827526980229047,1.0854955951611676,1.1491415369705689,0.21408829164577156,0.4977257996025153,-0.7934915588072626,-0.5614763115717724,-0.20147207606435316,-0.4475298076237014,-1.1265169010502363,-0.7112378131764948,-0.7308550244533234,0.529194436698368,-0.5690026673902586,-0.11208867436533289,-0.35946668244212987,-0.6623675256010817,-0.2724911361009559,-0.5576064891374647,0.3470794868567382,-0.9587683446876089,-0.7740184360769556,-0.33733808639332685,-0.3674821872226322,-0.13279321515159784,0.3514682676906962,0.2188924969483213,-0.12263906774633031,-0.42812532867712216,-0.7149981421417149,1.3023826786834642,1.3029833448005919,0.6601233937874307,1.2252732023883681,1.0619150308359067,1.2845759148190747,rock
m00821.wav,0.6589983500965111,-0.7246325280646261,-0.32297822085850536,2.2116203739266793,-2.4065866196641634,1.3096011187408296,-1.5482750634646179,1.4311149773408807,-1.5501963009206607,1.3210636633108919,-1.8132988257076204,1.6143561644245599,-2.382575763861323,-1.5966417593655131,-1.1698155519727103,-1.7097642829260862,0.381007453449779,0.3256632319137995,-0.8146605034979493,-1.141422957671837,0.22805697029294358,-0.6606981756533983,-0.9489339870088142,-1.367070352527966,-1.5984624367988929,-1.3077185216591267,1.681784271976768,1.3776999827046308,0.9353748235381155,0.881710102286472,0.7776673654053444,1.1453242046342984,2.106696590678075,2.099779835506946,1.5114001456746422,1.3270623265025865,1.534340443575871,1.5857020325260645,0.5625611587543364,-1.3166781648504045,-1.7623987234841483,-1.5723915302488913,-1.3419255649859485,-1.0845536105511275,1.6388533560647753,0.1209237444886297,-1.359595467549114,0.77522172323425,-0.8028299290532726,0.4189129332048251,-0.983991991990757,metal
m00850.wav,0.5156306257469971,-0.4830463688616088,0.11066201411497907,-0.15698011947426696,-0.2330704069444719,0.7348969436584377,1.045830826169573,-0.3122316989760057,0.5869639920015479,0.058907898785145275,1.4674687732642688,-0.11088174192485425,0.7989472741166811,-0.3629494665306975,0.08113411110923932,-0.4523124975373931,0.8169267655501642,0.4857766225801928,-0.5383407201220158,0.8021230139817415,0.3266651742396246,0.3520626874817028,-0.3716398122930878,-0.24214651368256196,-0.3332013358795884,-0.2673711802001448,-0.17280179549214156,0.24795844370148845,1.0561021147706442,0.23279530842169247,0.4077851694441781,1.6605883635494894,1.1545706312877853,1.7609430116394589,0.12743793739665268,-0.4340047193197672,-0.2732379480303506,-0.4194122132554073,2.5781624210421974,-0.8659508981593991,-0.4625908839607491,-0.38931788286080354,-0.686481925802246,-0.6522620949445074,-0.8285895251007817,0.36599875390867154,0.36845745267198743,0.2771726827796616,0.11670479787426585,0.2688407177196688,0.2512095478523766,disco
m00867.wav,0.04582615723855884,0.434334180623098,-0.861201405681293,1.0069396163293256,-0.6792743368784456,1.2368293911139996,-1.5912896044884133,1.3313363543167795,-2.180944893396147,0.6345697985793891,-1.375920287469764,1.5074185747833355,-2.0035260988389823,-0.10172416586247182,-0.8384350719549749,-1.06003297015375,-1.3744167032678263,-0.904307729331268,-1.3568014401381012,-0.9365235533169652,-1.1958494745267774,-1.464201713585085,-0.72489530923676,-0.9133617055074409,-1.0292398546936632,-1.0900179187045103,-0.8808528842639226,1.3438090530600402,-0.4385744934210846,-0.1192202807024852,1.241347025435808,-0.6052540319821297,-0.5056143176297132,-1.011132782867045,1.4629027284102745,2.578414906139415,-0.0625030206277009,-0.16530417832506913,3.109826158484666,-0.4015668412983112,0.01085523524633234,-0.3315497636089547,-0.3799920344087708,-0.6966641967954843,1.2382211930729567,-0.2850808110395529,-0.27753372945151755,-0.39736623423645345,-0.527846933915016,-0.31840949508073385,-0.15589837621598937,rock
m00895.wav,0.8960080328848383,-0.33508117706160584,-0.22995086874757803,0.3279957037730141,0.9595528174679959,0.2286718928839416,0.44143425346435267,-0.06433284045445237,0.5123319189852571,-0.4835816217072579,1.237570342477311,0.327425017978248,0.5243387832747329,-1.1605078587395306,-0.3550057105639509,-0.7663354159411508,-0.5800038352281701,0.21328552826328,-0.7575946887674132,-0.9483907492439047,-0.6325877945939496,-0.935809403817034,-0.9316357769402975,0.16241167294656836,-0.8442774529662896,-0.6226554687966529,0.6042663934933192,0.16699767823227618,0.5183463456661116,-0.22406320746108302,0.25847137390593766,-0.002750413800858846,0.2636723994855268,-0.1257694573914919,-0.137388470158858,0.6362934561959961,-0.4264084213058571,0.33437152501869677,-0.3181398468757342,-0.23207509367783793,-0.2788604636701981,-0.4322302095550738,-0.14951311379056667,-0.46885441918853765,-0.80128584434421,0.14322984098872912,-0.00455282633239089,-0.017380280846869944,-0.23337363464578742,-0.036179811696410526,-0.04120619126112977,rock
m00996.wav,-0.6382880246944259,1.1591050486161893,-0.45635433857785757,1.6683017377281673,-0.761018123639858,-0.48369363777329266,0.2626678554104337,-0.2959275390711504,1.2055886744588915,-0.7141477866690034,3.028792859145546,-0.011039452227206346,1.1120986941480049,0.5558559177095324,-1.0393599428537192,0.6244895351436134,-0.09578047650327957,1.8094126568597464,0.3867316789133624,1.8941811840099718,1.6886289164765804,-0.19412600366991903,0.838047144796181,1.291340938591179,1.6848336072547656,0.5319142101034312,-0.7721540291892535,-0.7005406849392506,-1.5274120151832997,-0.6380726409095816,-0.8567767181581838,-0.3521250625584062,-0.9497227320565074,-1.3305576767176084,-0.3951875139615773,-1.4565703431881212,-1.1461575554322714,-0.9064002932885391,-1.5220422784376881,-0.9053522363697115,0.5838909147130266,0.11529725177842752,0.5566497991865618,0.6206969665482999,-0.7149352892059345,-1.0548157359437578,-1.2621327212588367,-1.150196181472303,-0.673879687330434,-0.9976764762613851,-0.4983160049686588,jazz
