index,stroke
0,0
1,0
2,0
3,0
4,1
5,0
6,0
7,0
8,0
9,0
10,0
11,1
12,1
13,0
14,0
15,1
16,1
17,0
18,1
19,0
20,0
21,1
22,1
23,0
24,0
25,0
26,1
27,0
28,1
29,0
30,0
31,1
32,0
33,1
34,0
35,0
36,0
37,0
38,0
39,1
40,0
41,0
42,0
43,1
44,1
45,0
46,0
47,0
48,0
49,1
50,1
51,0
52,0
53,0
54,0
55,1
56,0
57,0
58,0
59,1
60,1
61,0
62,1
63,0
64,1
65,0
66,1
67,0
68,0
69,1
70,0
71,1
72,0
73,0
74,0
75,0
76,0
77,1
78,0
79,1
80,1
81,0
82,1
83,0
84,1
85,0
86,0
87,0
88,0
89,0
90,0
91,0
92,0
93,1
94,0
95,0
96,0
97,0
98,0
99,0
100,1
101,0
102,0
103,0
104,1
105,1
106,0
107,1
108,1
109,0
110,0
111,0
112,0
113,1
114,0
115,0
116,0
117,0
118,0
119,1
120,0
121,1
122,0
123,0
124,0
125,0
126,0
127,1
128,1
129,1
130,0
131,0
132,0
133,0
134,0
135,0
136,0
137,0
138,0
139,1
140,0
141,1
142,0
143,0
144,0
145,1
146,0
147,0
148,0
149,1
150,1
151,1
152,1
153,0
154,0
155,0
156,0
157,0
158,0
159,1
160,1
161,1
162,0
163,1
164,0
165,0
166,1
167,0
168,0
169,0
170,1
171,0
172,0
173,0
174,0
175,1
176,0
177,0
178,0
179,1
180,0
181,0
182,0
183,0
184,0
185,1
186,1
187,0
188,1
189,1
190,1
191,0
192,0
193,0
194,0
195,0
196,0
197,0
198,1
199,0
200,1
201,1
202,0
203,0
204,0
205,1
206,0
207,0
208,1
209,1
210,0
211,0
212,0
213,0
214,0
215,1
216,0
217,1
218,1
219,1
220,0
221,0
222,1
223,0
224,0
225,0
226,0
227,1
228,0
229,1
230,0
231,0
232,0
233,1
234,0
235,0
236,1
237,0
238,1
239,0
240,1
241,1
242,1
243,0
244,1
245,0
246,0
247,0
248,0
249,0
250,1
251,0
252,0
253,1
254,0
255,0
256,0
257,0
258,0
259,0
260,1
261,1
262,1
263,0
264,0
265,0
266,1
267,0
268,0
269,0
270,0
271,0
272,1
273,0
274,0
275,1
276,0
277,1
278,0
279,1
280,0
281,1
282,0
283,1
284,0
285,0
286,0
287,1
288,0
289,0
290,1
291,0
292,1
293,0
294,0
295,0
296,0
297,1
298,1
299,0
300,0
301,0
302,0
303,0
304,1
305,1
306,0
307,0
308,0
309,1
310,1
311,1
312,0
313,1
314,0
315,0
316,1
317,1
318,0
319,1
320,0
321,1
322,0
323,0
324,0
325,0
326,0
327,1
328,0
329,0
330,1
331,1
332,1
333,1
334,0
335,0
336,0
337,0
338,0
339,0
340,0
341,0
342,0
343,0
344,1
345,0
346,0
347,0
348,0
349,1
350,0
351,0
352,1
353,0
354,0
355,0
356,0
357,0
358,1
359,0
360,1
361,1
362,1
363,0
364,1
365,0
366,1
367,1
368,0
369,0
370,0
371,0
372,1
373,0
374,0
375,1
376,1
377,1
378,0
379,1
380,0
381,0
382,0
383,1
384,0
385,0
386,1
387,1
388,0
389,1
390,0
391,0
392,1
393,1
394,0
395,1
396,0
397,1
398,0
399,0
400,1
401,0
402,0
403,1
404,1
405,1
406,0
407,1
408,0
409,0
410,0
411,0
412,0
413,1
414,0
415,1
416,0
417,0
418,1
419,0
420,1
421,0
422,0
423,0
424,0
425,0
426,0
427,1
428,0
429,0
430,0
431,1
432,0
433,1
434,0
435,1
436,1
437,0
438,0
439,1
440,0
441,1
442,1
443,0
444,1
445,0
446,0
447,1
448,0
449,0
450,0
451,1
452,0
453,0
454,0
455,1
456,0
457,0
458,1
459,0
460,0
461,0
462,1
463,0
464,0
465,1
466,0
467,0
468,0
469,0
470,1
471,0
472,0
473,0
474,0
475,1
476,0
477,0
478,0
479,1
480,0
481,0
482,0
483,1
484,0
485,0
486,0
487,0
488,1
489,1
490,0
491,0
492,1
493,0
494,0
495,0
496,0
497,1
498,0
499,0
500,1
501,0
502,1
503,1
504,0
505,1
506,1
507,0
508,0
509,0
510,0
511,0
512,1
513,1
514,1
515,0
516,0
517,0
518,0
519,1
520,0
521,0
522,1
523,1
524,1
525,1
526,0
527,1
528,1
529,0
530,0
531,0
532,0
533,0
534,0
535,0
536,1
537,0
538,0
539,0
540,1
541,0
542,1
543,0
544,0
545,0
546,0
547,1
548,1
549,1
550,0
551,0
552,0
553,1
554,1
555,0
556,0
557,0
558,0
559,0
560,0
561,0
562,0
563,1
564,0
565,1
566,1
567,0
568,0
569,0
570,0
571,0
572,0
573,0
574,1
575,0
576,0
577,1
578,0
579,0
580,0
581,0
582,0
583,0
584,0
585,0
586,0
587,0
588,0
589,0
590,0
591,0
592,1
593,0
594,0
595,1
596,0
597,0
598,1
599,0
600,0
601,1
602,0
603,0
604,0
605,1
606,0
607,1
608,1
609,1
610,1
611,0
612,0
613,0
614,1
615,0
616,1
617,0
618,1
619,0
620,0
621,0
622,0
623,1
624,0
625,1
626,0
627,1
628,1
629,0
630,1
631,0
632,1
633,0
634,0
635,0
636,0
637,1
638,0
639,0
640,0
641,0
642,0
643,1
644,1
645,0
646,0
647,0
648,0
649,0
650,1
651,0
652,0
653,0
654,0
655,0
656,0
657,0
658,0
659,1
660,0
661,0
662,0
663,1
664,0
665,0
666,1
667,1
668,0
669,0
670,0
671,0
672,0
673,1
674,0
675,0
676,0
677,1
678,0
679,1
680,1
681,0
682,0
683,0
684,0
685,0
686,0
687,0
688,1
689,0
690,1
691,0
692,0
693,0
694,1
695,0
696,0
697,0
698,1
699,1
700,0
701,0
702,1
703,0
704,1
705,0
706,0
707,0
708,1
709,0
710,0
711,1
712,0
713,0
714,0
715,1
716,0
717,0
718,1
719,0
720,1
721,1
722,0
723,0
724,0
725,1
726,0
727,1
728,1
729,0
730,0
731,1
732,1
733,1
734,0
735,0
736,0
737,0
738,1
739,1
740,0
741,0
742,0
743,1
744,0
745,0
746,0
747,1
748,0
749,0
750,0
751,1
752,0
753,0
754,1
755,1
756,0
757,0
758,1
759,0
760,0
761,1
762,0
763,1
764,0
765,0
766,1
767,1
768,0
769,1
770,0
771,0
772,1
773,0
774,0
775,1
776,0
777,0
778,1
779,1
780,0
781,1
782,0
783,1
784,0
785,0
786,1
787,1
788,0
789,1
790,0
791,0
792,1
793,1
794,0
795,0
796,0
797,0
798,0
799,1
800,0
801,1
802,1
803,0
804,1
805,0
806,0
807,1
808,0
809,0
810,0
811,1
812,0
813,1
814,0
815,0
816,1
817,1
818,1
819,1
820,0
821,0
822,0
823,0
824,0
825,1
826,1
827,1
828,1
829,0
830,1
831,0
832,0
833,1
834,0
835,1
836,0
837,0
838,1
839,0
840,1
841,0
842,0
843,0
844,0
845,0
846,0
847,1
848,1
849,0
850,1
851,0
852,0
853,1
854,0
855,0
856,1
857,0
858,1
859,0
860,1
861,0
862,0
863,1
864,1
865,0
866,0
867,0
868,0
869,0
870,0
871,1
872,0
873,0
874,0
875,0
876,1
877,1
878,0
879,0
880,1
881,0
882,0
883,1
884,1
885,0
886,0
887,0
888,0
889,0
890,1
891,0
892,0
893,0
894,1
895,0
896,1
897,1
898,0
899,1
900,0
901,0
902,0
903,0
904,0
905,1
906,0
907,0
908,0
909,1
910,0
911,1
912,0
913,1
914,1
915,0
916,0
917,0
918,0
919,1
920,0
921,1
922,0
923,0
924,1
925,0
926,0
927,0
928,0
929,1
930,1
931,1
932,0
933,0
934,0
935,1
936,1
937,1
938,1
939,1
940,1
941,1
942,1
943,1
944,0
945,0
946,1
947,0
948,0
949,1
950,0
951,0
952,0
953,0
954,1
955,0
956,0
957,1
958,1
959,0
960,1
961,0
962,1
963,0
964,1
965,1
966,0
967,0
968,0
969,0
970,0
971,0
972,1
973,0
974,1
975,1
976,1
977,0
978,1
979,1
980,0
981,1
982,0
983,1
984,0
985,0
986,1
987,1
988,1
989,1
990,0
991,0
992,1
993,0
994,0
995,0
996,0
997,0
998,0
999,1
1000,0
1001,0
1002,0
1003,1
1004,0
1005,0
1006,0
1007,0
1008,0
1009,1
1010,1
1011,1
1012,1
1013,0
1014,0
1015,0
1016,0
1017,1
1018,1
1019,0
1020,0
1021,0
1022,0
1023,0
1024,0
1025,0
1026,0
1027,0
1028,0
1029,0
1030,0
1031,0
1032,1
1033,1
1034,0
1035,0
1036,0
1037,1
1038,1
1039,0
1040,0
1041,1
1042,0
1043,1
1044,1
1045,0
1046,0
1047,0
1048,0
1049,1
1050,1
1051,1
1052,0
1053,0
1054,0
1055,1
1056,1
1057,0
1058,0
1059,0
1060,0
1061,0
1062,0
1063,1
1064,0
1065,0
1066,0
1067,0
1068,0
1069,0
1070,0
1071,1
1072,0
1073,0
1074,0
1075,1
1076,1
1077,0
1078,0
1079,1
1080,0
1081,0
1082,0
1083,0
1084,1
1085,0
1086,0
1087,1
1088,0
1089,0
1090,0
1091,1
1092,1
1093,0
1094,1
1095,0
1096,0
1097,0
1098,0
1099,1
1100,1
1101,0
1102,1
1103,0
1104,0
1105,0
1106,0
1107,0
1108,0
1109,0
1110,1
1111,1
1112,0
1113,0
1114,0
1115,1
1116,1
1117,1
1118,0
1119,1
1120,0
1121,0
1122,1
1123,1
1124,1
1125,0
1126,1
1127,1
1128,0
1129,1
1130,0
1131,0
1132,0
1133,0
1134,0
1135,0
1136,0
1137,1
1138,0
1139,0
1140,0
1141,1
1142,0
1143,0
1144,0
1145,0
1146,0
1147,0
1148,1
1149,0
1150,0
1151,0
1152,1
1153,0
1154,0
1155,0
1156,1
1157,1
1158,0
1159,0
1160,0
1161,1
1162,0
1163,0
1164,1
1165,0
1166,0
1167,1
1168,0
1169,1
1170,0
1171,1
1172,0
1173,1
1174,0
1175,1
1176,0
1177,1
1178,0
1179,0
1180,0
1181,0
1182,1
1183,0
1184,1
1185,0
1186,1
1187,0
1188,0
1189,0
1190,0
1191,0
1192,0
1193,0
1194,1
1195,0
1196,1
1197,1
1198,0
1199,1
1200,0
1201,0
1202,1
1203,0
1204,1
1205,0
1206,1
1207,0
1208,0
1209,0
1210,0
1211,0
1212,0
1213,1
1214,0
1215,0
1216,1
1217,1
1218,0
1219,1
1220,0
1221,0
1222,1
1223,1
1224,0
1225,1
1226,0
1227,0
1228,1
1229,0
1230,0
1231,0
1232,1
1233,1
1234,0
1235,1
1236,1
1237,0
1238,0
1239,1
1240,0
1241,1
1242,1
1243,0
1244,1
1245,1
1246,0
1247,0
1248,0
1249,0
1250,1
1251,1
1252,0
1253,0
1254,0
1255,1
1256,1
1257,0
1258,0
1259,1
1260,0
1261,1
1262,1
1263,0
1264,0
1265,0
1266,1
1267,0
1268,0
1269,0
1270,0
1271,1
1272,1
1273,0
1274,1
1275,0
1276,0
1277,1
1278,0
1279,1
1280,1
1281,0
1282,1
1283,0
1284,1
1285,1
1286,0
1287,1
1288,0
1289,0
1290,0
1291,1
1292,0
1293,1
1294,0
1295,1
1296,0
1297,0
1298,1
1299,1
1300,0
1301,0
1302,0
1303,1
1304,0
1305,0
1306,0
1307,0
1308,1
1309,0
1310,0
1311,0
1312,0
1313,0
1314,1
1315,0
1316,1
1317,0
1318,1
1319,0
1320,0
1321,1
1322,0
1323,0
1324,0
1325,0
1326,0
1327,0
1328,0
1329,1
1330,0
1331,0
1332,1
1333,0
1334,0
1335,0
1336,0
1337,1
1338,0
1339,0
1340,1
1341,0
1342,0
1343,1
1344,0
1345,1
1346,0
1347,1
1348,1
1349,0
1350,1
1351,0
1352,1
1353,1
1354,1
1355,0
1356,0
1357,0
1358,1
1359,0
1360,0
1361,1
1362,1
1363,1
1364,0
1365,0
1366,0
1367,0
1368,1
1369,0
1370,0
1371,0
1372,0
1373,1
1374,1
1375,0
1376,0
1377,1
1378,0
1379,0
1380,0
1381,0
1382,1
1383,0
1384,0
1385,1
1386,1
1387,0
1388,0
1389,1
1390,0
1391,0
1392,0
1393,0
1394,0
1395,0
1396,1
1397,1
1398,1
1399,0
1400,0
1401,0
1402,0
1403,0
1404,1
1405,0
1406,1
1407,0
1408,1
1409,0
1410,1
1411,1
1412,0
1413,0
1414,0
1415,0
1416,0
1417,0
1418,0
1419,1
1420,1
1421,1
1422,0
1423,1
1424,1
1425,1
1426,1
1427,0
1428,0
1429,0
1430,0
1431,0
1432,1
1433,0
1434,1
1435,1
1436,0
1437,0
1438,0
1439,0
1440,0
1441,1
1442,1
1443,1
1444,0
1445,1
1446,0
1447,1
1448,0
1449,0
1450,1
1451,1
1452,1
1453,0
1454,1
1455,0
1456,0
1457,1
1458,0
1459,1
1460,0
1461,0
1462,0
1463,0
1464,0
1465,1
1466,1
1467,0
1468,1
1469,0
1470,1
1471,1
1472,0
1473,1
1474,0
1475,1
1476,0
1477,0
1478,1
1479,0
1480,1
1481,0
1482,1
1483,1
1484,0
1485,0
1486,0
1487,0
1488,1
1489,0
1490,0
1491,0
1492,1
1493,0
1494,1
1495,0
1496,1
1497,1
1498,1
1499,0
1500,0
1501,0
1502,1
1503,0
1504,0
1505,0
1506,0
1507,0
1508,0
1509,0
1510,1
1511,0
1512,0
1513,0
1514,0
1515,0
1516,1
1517,0
1518,0
1519,1
1520,1
1521,1
1522,0
1523,0
1524,0
1525,1
1526,1
1527,0
1528,0
1529,0
1530,0
1531,0
1532,1
1533,0
1534,0
1535,1
1536,1
1537,1
1538,0
1539,1
1540,0
1541,0
1542,1
1543,1
1544,0
1545,1
1546,1
1547,0
1548,0
1549,0
1550,1
1551,0
1552,0
1553,1
1554,0
1555,0
1556,1
1557,0
1558,0
1559,0
1560,1
1561,1
1562,0
1563,1
1564,0
1565,0
1566,0
1567,0
1568,0
1569,0
1570,0
1571,0
1572,0
1573,0
1574,0
1575,0
1576,1
1577,0
1578,0
1579,1
1580,0
1581,1
1582,0
1583,0
1584,0
1585,1
1586,0
1587,0
1588,0
1589,0
1590,0
1591,1
1592,0
1593,0
1594,0
1595,1
1596,1
1597,0
1598,0
1599,0
1600,0
1601,0
1602,0
1603,0
1604,0
1605,1
1606,0
1607,0
1608,0
1609,0
1610,0
1611,0
1612,0
1613,0
1614,1
1615,1
1616,1
1617,0
1618,0
1619,1
1620,0
1621,0
1622,0
1623,1
1624,0
1625,0
1626,0
1627,0
1628,1
1629,0
1630,0
1631,0
1632,0
1633,0
1634,0
1635,0
1636,0
1637,1
1638,0
1639,1
1640,0
1641,0
1642,1
1643,0
1644,0
1645,0
1646,0
1647,0
1648,0
1649,1
1650,0
1651,0
1652,0
1653,0
1654,1
1655,0
1656,1
1657,0
1658,0
1659,0
1660,1
1661,1
1662,0
1663,1
1664,0
1665,0
1666,1
1667,0
1668,0
1669,0
1670,0
1671,0
1672,1
1673,0
1674,0
1675,0
1676,0
1677,0
1678,1
1679,0
1680,0
1681,0
1682,0
1683,0
1684,0
1685,1
1686,0
1687,0
1688,1
1689,1
1690,0
1691,1
1692,0
1693,0
1694,0
1695,0
1696,1
1697,1
1698,0
1699,1
1700,0
1701,0
1702,0
1703,0
1704,0
1705,1
1706,0
1707,1
1708,1
1709,1
1710,1
1711,0
1712,1
1713,0
1714,1
1715,0
1716,1
1717,0
1718,0
1719,0
1720,1
1721,0
1722,1
1723,0
1724,1
1725,0
1726,0
1727,1
1728,1
1729,0
1730,0
1731,0
1732,0
1733,0
1734,0
1735,1
1736,0
1737,0
1738,1
1739,1
1740,0
1741,0
1742,0
1743,0
1744,1
1745,0
1746,1
1747,0
1748,0
1749,0
1750,0
1751,0
1752,1
1753,0
1754,0
1755,0
1756,0
1757,0
1758,0
1759,0
1760,0
1761,0
1762,0
1763,1
1764,0
1765,1
1766,0
1767,0
1768,1
1769,0
1770,0
1771,0
1772,0
1773,1
1774,0
1775,0
1776,0
1777,1
1778,0
1779,0
1780,0
1781,1
1782,0
1783,0
1784,0
1785,1
1786,0
1787,1
1788,1
1789,0
1790,0
1791,0
1792,0
1793,0
1794,0
1795,0
1796,1
1797,0
1798,1
1799,0
1800,1
1801,0
1802,0
1803,0
1804,1
1805,0
1806,0
1807,0
1808,0
1809,1
1810,0
1811,0
1812,1
1813,0
1814,0
1815,0
1816,1
1817,1
1818,1
1819,1
1820,1
1821,0
1822,1
1823,0
1824,0
1825,0
1826,1
1827,0
1828,1
1829,0
1830,0
1831,1
1832,0
1833,0
1834,0
1835,0
1836,0
1837,1
1838,0
1839,0
1840,1
1841,0
1842,1
1843,1
1844,0
1845,0
1846,1
1847,1
1848,0
1849,1
1850,1
1851,1
1852,0
1853,1
1854,0
1855,0
1856,0
1857,1
1858,1
1859,0
1860,0
1861,0
1862,0
1863,1
1864,1
1865,1
1866,0
1867,0
1868,1
1869,0
1870,0
1871,0
1872,1
1873,0
1874,1
1875,0
1876,1
1877,0
1878,0
1879,0
1880,0
1881,1
1882,0
1883,1
1884,0
1885,0
1886,0
1887,1
1888,1
1889,0
1890,0
1891,1
1892,0
1893,1
1894,1
1895,1
1896,1
1897,0
1898,0
1899,0
1900,0
1901,1
1902,0
1903,1
1904,0
1905,1
1906,0
1907,0
1908,0
1909,0
1910,0
1911,0
1912,0
1913,0
1914,1
1915,0
1916,0
1917,1
1918,0
1919,0
1920,0
1921,1
1922,1
1923,0
1924,0
1925,1
1926,1
1927,0
1928,1
1929,0
1930,1
1931,0
1932,0
1933,0
1934,1
1935,1
1936,0
1937,0
1938,0
1939,1
1940,1
1941,0
1942,0
1943,1
1944,0
1945,0
1946,1
1947,0
1948,0
1949,1
1950,0
1951,0
1952,1
1953,1
1954,0
1955,0
1956,0
1957,1
1958,0
1959,0
1960,0
1961,0
1962,0
1963,0
1964,0
1965,0
1966,0
1967,0
1968,0
1969,1
1970,0
1971,0
1972,1
1973,0
1974,0
1975,1
1976,0
1977,1
1978,0
1979,0
1980,0
1981,0
1982,1
1983,0
1984,0
1985,1
1986,0
1987,1
1988,1
1989,1
1990,0
1991,0
1992,0
1993,1
1994,0
1995,0
1996,0
1997,0
1998,1
1999,0
2000,0
2001,0
2002,0
2003,1
2004,0
2005,0
2006,0
2007,1
2008,0
2009,0
2010,1
2011,0
2012,0
2013,0
2014,0
2015,1
2016,1
2017,0
2018,0
2019,1
2020,0
2021,0
2022,1
2023,1
2024,0
2025,1
2026,0
2027,0
2028,0
2029,0
2030,0
2031,0
2032,0
2033,0
2034,1
2035,0
2036,1
2037,1
2038,1
2039,0
2040,0
2041,0
2042,1
2043,0
2044,0
2045,1
2046,1
2047,0
2048,0
2049,0
2050,0
2051,0
2052,0
2053,0
2054,1
2055,0
2056,0
2057,0
2058,1
2059,0
2060,0
2061,0
2062,1
2063,1
2064,1
2065,1
2066,0
2067,0
2068,0
2069,0
2070,0
2071,1
2072,0
2073,0
2074,0
2075,0
2076,0
2077,0
2078,0
2079,1
2080,1
2081,0
2082,1
2083,0
2084,0
2085,0
2086,1
2087,0
2088,0
2089,1
2090,0
2091,1
2092,0
2093,0
2094,0
2095,0
2096,0
2097,0
2098,1
2099,0
2100,1
2101,1
2102,0
2103,1
2104,0
2105,1
2106,1
2107,1
2108,1
2109,1
2110,0
2111,1
2112,0
2113,1
2114,0
2115,0
2116,0
2117,0
2118,0
2119,0
2120,0
2121,0
2122,0
2123,0
2124,1
2125,1
2126,1
2127,1
2128,0
2129,0
2130,0
2131,1
2132,1
2133,0
2134,0
2135,0
2136,0
2137,0
2138,1
2139,1
2140,0
2141,0
2142,1
2143,0
2144,0
2145,0
2146,0
2147,1
2148,0
2149,1
2150,1
2151,0
2152,1
2153,0
2154,0
2155,0
2156,0
2157,1
2158,1
2159,0
2160,0
2161,1
2162,0
2163,0
2164,0
2165,1
2166,1
2167,0
2168,1
2169,0
2170,1
2171,0
2172,0
2173,0
2174,0
2175,0
2176,0
2177,0
2178,0
2179,0
2180,0
2181,0
2182,1
2183,1
2184,0
2185,0
2186,0
2187,0
2188,0
2189,1
2190,0
2191,0
2192,0
2193,0
2194,0
2195,0
2196,0
2197,0
2198,0
2199,1
2200,0
2201,1
2202,0
2203,0
2204,0
2205,1
2206,1
2207,1
2208,1
2209,1
2210,0
2211,0
2212,0
2213,1
2214,0
2215,0
2216,0
2217,0
2218,1
2219,1
2220,0
2221,1
2222,0
2223,0
2224,1
2225,0
2226,0
2227,0
2228,0
2229,1
2230,0
2231,0
2232,0
2233,0
2234,0
2235,0
2236,0
2237,0
2238,1
2239,0
2240,1
2241,0
2242,1
2243,0
2244,0
2245,0
2246,0
2247,1
2248,1
2249,1
2250,0
2251,1
2252,1
2253,1
2254,1
2255,0
2256,1
2257,0
2258,1
2259,0
2260,1
2261,0
2262,1
2263,0
2264,0
2265,0
2266,0
2267,1
2268,1
2269,0
2270,0
2271,0
2272,0
2273,1
2274,0
2275,1
2276,0
2277,0
2278,0
2279,1
2280,0
2281,0
2282,0
2283,1
2284,0
2285,0
2286,1
2287,0
2288,1
2289,0
2290,0
2291,0
2292,0
2293,0
2294,0
2295,0
2296,1
2297,1
2298,0
2299,1
2300,0
2301,0
2302,0
2303,1
2304,0
2305,1
2306,0
2307,0
2308,0
2309,0
2310,1
2311,1
2312,0
2313,1
2314,0
2315,1
2316,1
2317,1
2318,0
2319,0
2320,1
2321,0
2322,0
2323,0
2324,0
2325,0
2326,1
2327,0
2328,1
2329,1
2330,0
2331,0
2332,0
2333,1
2334,0
2335,0
2336,1
2337,0
2338,0
2339,1
2340,1
2341,1
2342,0
2343,0
2344,0
2345,1
2346,0
2347,0
2348,1
2349,1
2350,1
2351,0
2352,0
2353,1
2354,1
2355,0
2356,0
2357,0
2358,1
2359,1
2360,0
2361,0
2362,0
2363,0
2364,1
2365,1
2366,1
2367,0
2368,1
2369,0
2370,0
2371,0
2372,0
2373,0
2374,0
2375,1
2376,0
2377,0
2378,1
2379,0
2380,0
2381,0
2382,0
2383,1
2384,0
2385,0
2386,0
2387,0
2388,1
2389,0
2390,0
2391,1
2392,1
2393,0
2394,1
2395,0
2396,0
2397,1
2398,0
2399,0
2400,1
2401,0
2402,1
2403,0
2404,1
2405,1
2406,0
2407,0
2408,0
2409,0
2410,1
2411,0
2412,1
2413,0
2414,1
2415,0
2416,0
2417,1
2418,1
2419,0
2420,0
2421,0
2422,0
2423,0
2424,0
2425,0
2426,1
2427,0
2428,0
2429,0
2430,0
2431,0
2432,0
2433,0
2434,0
2435,0
2436,1
2437,1
2438,1
2439,0
2440,0
2441,0
2442,1
2443,0
2444,0
2445,0
2446,0
2447,0
2448,1
2449,0
2450,1
2451,0
2452,1
2453,0
2454,1
2455,0
2456,0
2457,0
2458,1
2459,0
2460,1
2461,0
2462,0
2463,0
2464,1
2465,0
2466,1
2467,0
2468,0
2469,1
2470,0
2471,1
2472,0
2473,1
2474,0
2475,0
2476,1
2477,1
2478,1
2479,1
2480,0
2481,0
2482,0
2483,0
2484,0
2485,0
2486,0
2487,0
2488,0
2489,1
2490,0
2491,0
2492,0
2493,0
2494,0
2495,0
2496,0
2497,0
2498,0
2499,0
2500,0
2501,0
2502,0
2503,1
2504,1
2505,1
2506,0
2507,1
2508,0
2509,0
2510,1
2511,0
2512,1
2513,1
2514,0
2515,0
2516,1
2517,0
2518,0
2519,1
2520,0
2521,0
2522,0
2523,0
2524,0
2525,0
2526,0
2527,0
2528,1
2529,0
2530,1
2531,0
2532,1
2533,0
2534,1
2535,0
2536,1
2537,0
2538,1
2539,1
2540,0
2541,1
2542,1
2543,0
2544,0
2545,1
2546,0
2547,0
2548,0
2549,0
2550,0
2551,1
2552,0
2553,1
2554,0
2555,0
2556,0
2557,0
2558,1
2559,0
2560,0
2561,1
2562,0
2563,0
2564,1
2565,0
2566,0
2567,0
2568,1
2569,1
2570,0
2571,0
2572,0
2573,0
2574,1
2575,0
2576,0
2577,0
2578,1
2579,0
2580,1
2581,0
2582,0
2583,0
2584,0
2585,0
2586,0
2587,0
2588,0
2589,0
2590,0
2591,0
2592,0
2593,1
2594,0
2595,0
2596,0
2597,0
2598,0
2599,0
2600,0
2601,0
2602,0
2603,0
2604,0
2605,0
2606,1
2607,0
2608,0
2609,0
2610,0
2611,0
2612,0
2613,0
2614,1
2615,0
2616,0
2617,0
2618,1
2619,0
2620,1
2621,1
2622,0
2623,0
2624,0
2625,0
2626,0
2627,1
2628,1
2629,1
2630,0
2631,0
2632,0
2633,0
2634,1
2635,0
2636,0
2637,1
2638,1
2639,0
2640,0
2641,0
2642,0
2643,1
2644,0
2645,0
2646,1
2647,0
2648,1
2649,1
2650,0
2651,0
2652,0
2653,0
2654,1
2655,0
2656,1
2657,1
2658,0
2659,0
2660,1
2661,0
2662,1
2663,0
2664,0
2665,0
2666,0
2667,1
2668,0
2669,0
2670,0
2671,1
2672,1
2673,1
2674,1
2675,1
2676,1
2677,1
2678,1
2679,0
2680,1
2681,1
2682,0
2683,0
2684,0
2685,0
2686,0
2687,1
2688,0
2689,0
2690,0
2691,1
2692,0
2693,0
2694,0
2695,0
2696,0
2697,0
2698,0
2699,1
2700,0
2701,1
2702,0
2703,0
2704,0
2705,1
2706,0
2707,0
2708,1
2709,1
2710,0
2711,1
2712,1
2713,0
2714,1
2715,0
2716,0
2717,0
2718,0
2719,0
2720,1
2721,1
2722,1
2723,0
2724,0
2725,0
2726,0
2727,1
2728,1
2729,0
2730,0
2731,1
2732,0
2733,1
2734,1
2735,0
2736,1
2737,0
2738,0
2739,0
2740,0
2741,0
2742,0
2743,0
2744,0
2745,1
2746,1
2747,1
2748,0
2749,0
2750,1
2751,1
2752,0
2753,0
2754,0
2755,0
2756,1
2757,1
2758,0
2759,0
2760,0
2761,1
2762,0
2763,0
2764,0
2765,0
2766,0
2767,1
2768,1
2769,0
2770,0
2771,0
2772,0
2773,1
2774,1
2775,0
2776,0
2777,0
2778,0
2779,0
2780,0
2781,0
2782,0
2783,0
2784,0
2785,0
2786,0
2787,0
2788,1
2789,0
2790,1
2791,0
2792,1
2793,0
2794,1
2795,1
2796,1
2797,0
2798,0
2799,1
2800,1
2801,1
2802,0
2803,0
2804,0
2805,0
2806,1
2807,0
2808,0
2809,1
2810,1
2811,1
2812,1
2813,0
2814,1
2815,1
2816,0
2817,0
2818,0
2819,1
2820,0
2821,1
2822,0
2823,0
2824,0
2825,1
2826,0
2827,0
2828,1
2829,1
2830,0
2831,1
2832,1
2833,0
2834,0
2835,1
2836,0
2837,0
2838,0
2839,1
2840,0
2841,0
2842,1
2843,0
2844,0
2845,1
2846,0
2847,0
2848,0
2849,0
2850,0
2851,1
2852,1
2853,0
2854,0
2855,1
2856,0
2857,0
2858,0
2859,1
2860,0
2861,0
2862,1
2863,0
2864,1
2865,0
2866,0
2867,1
2868,0
2869,0
2870,1
2871,0
2872,1
2873,0
2874,0
2875,0
2876,0
2877,0
2878,1
2879,0
2880,0
2881,0
2882,0
2883,1
2884,0
2885,1
2886,0
2887,0
2888,0
2889,1
2890,0
2891,0
2892,0
2893,1
2894,0
2895,0
2896,0
2897,0
2898,0
2899,0
2900,0
2901,1
2902,0
2903,0
2904,0
2905,0
2906,0
2907,0
2908,1
2909,0
2910,0
2911,0
2912,0
2913,1
2914,1
2915,0
2916,1
2917,0
2918,0
2919,1
2920,1
2921,1
2922,0
2923,1
2924,0
2925,0
2926,0
2927,0
2928,0
2929,1
2930,0
2931,0
2932,0
2933,0
2934,0
2935,1
2936,1
2937,0
2938,0
2939,0
2940,1
2941,1
2942,1
2943,0
2944,1
2945,0
2946,0
2947,0
2948,1
2949,1
2950,0
2951,0
2952,0
2953,1
2954,0
2955,0
2956,0
2957,0
2958,0
2959,0
2960,1
2961,0
2962,1
2963,1
2964,0
2965,1
2966,0
2967,0
2968,0
2969,0
2970,0
2971,0
2972,0
2973,0
2974,0
2975,0
2976,0
2977,0
2978,1
2979,0
2980,0
2981,0
2982,0
2983,0
2984,0
2985,0
2986,1
2987,0
2988,0
2989,0
2990,1
2991,0
2992,0
2993,0
2994,0
2995,0
2996,0
2997,1
2998,1
2999,1
3000,1
3001,1
3002,0
3003,0
3004,1
3005,1
3006,0
3007,0
3008,0
3009,0
3010,1
3011,0
3012,0
3013,1
3014,0
3015,1
3016,0
3017,0
3018,1
3019,0
3020,0
3021,0
3022,1
3023,0
3024,0
3025,0
3026,0
3027,1
3028,1
3029,1
3030,0
3031,0
3032,0
3033,1
3034,1
3035,0
3036,0
3037,0
3038,0
3039,1
3040,0
3041,1
3042,1
3043,0
3044,1
3045,1
3046,0
3047,0
3048,0
3049,1
3050,0
3051,0
3052,0
3053,0
3054,1
3055,0
3056,1
3057,0
3058,0
3059,0
3060,1
3061,0
3062,0
3063,0
3064,1
3065,0
3066,1
3067,0
3068,0
3069,0
3070,1
3071,1
3072,0
3073,0
3074,1
3075,0
3076,0
3077,0
3078,1
3079,1
3080,1
3081,0
3082,1
3083,0
3084,0
3085,1
3086,0
3087,1
3088,0
3089,1
3090,0
3091,0
3092,1
3093,0
3094,0
3095,0
3096,1
3097,1
3098,1
3099,0
3100,0
3101,0
3102,0
3103,1
3104,0
3105,0
3106,1
3107,0
3108,1
3109,1
3110,0
3111,0
3112,0
3113,0
3114,1
3115,0
3116,0
3117,0
3118,0
3119,0
3120,0
3121,0
3122,1
3123,0
3124,1
3125,0
3126,0
3127,0
3128,1
3129,0
3130,1
3131,1
3132,0
3133,0
3134,0
3135,0
3136,0
3137,0
3138,0
3139,0
3140,0
3141,0
3142,0
3143,0
3144,0
3145,1
3146,0
3147,0
3148,1
3149,0
3150,0
3151,0
3152,1
3153,0
3154,0
3155,1
3156,0
3157,0
3158,1
3159,0
3160,0
3161,0
3162,0
3163,1
3164,0
3165,1
3166,0
3167,1
3168,1
3169,0
3170,1
3171,1
3172,0
3173,1
3174,1
3175,1
3176,0
3177,0
3178,0
3179,0
3180,0
3181,1
3182,0
3183,0
3184,1
3185,0
3186,0
3187,0
3188,0
3189,1
3190,1
3191,0
3192,1
3193,0
3194,0
3195,0
3196,0
3197,0
3198,0
3199,0
3200,0
3201,1
3202,0
3203,0
3204,0
3205,0
3206,1
3207,1
3208,1
3209,0
3210,0
3211,0
3212,0
3213,0
3214,1
3215,1
3216,0
3217,0
3218,1
3219,0
3220,1
3221,1
3222,1
3223,0
3224,0
3225,0
3226,0
3227,1
3228,0
3229,0
3230,0
3231,0
3232,1
3233,1
3234,1
3235,0
3236,1
3237,0
3238,0
3239,0
3240,1
3241,0
3242,0
3243,1
3244,0
3245,0
3246,1
3247,0
3248,1
3249,1
3250,1
3251,1
3252,0
3253,0
3254,0
3255,0
3256,0
3257,0
3258,0
3259,0
3260,0
3261,1
3262,1
3263,0
3264,0
3265,0
3266,0
3267,1
3268,1
3269,0
3270,0
3271,0
3272,0
3273,0
3274,0
3275,0
3276,0
3277,1
3278,1
3279,1
3280,0
3281,0
3282,1
3283,0
3284,0
3285,0
3286,1
3287,0
3288,0
3289,1
3290,1
3291,0
3292,1
3293,1
3294,0
3295,0
3296,0
3297,0
3298,0
3299,1
3300,0
3301,0
3302,0
3303,0
3304,0
3305,0
3306,0
3307,0
3308,1
3309,1
3310,0
3311,1
3312,0
3313,0
3314,1
3315,0
3316,0
3317,0
3318,0
3319,1
3320,0
3321,0
3322,0
3323,1
3324,0
3325,0
3326,0
3327,0
3328,1
3329,0
3330,0
3331,1
3332,0
3333,1
3334,0
3335,0
3336,1
3337,0
3338,0
3339,1
3340,0
3341,1
3342,0
3343,0
3344,1
3345,0
3346,1
3347,1
3348,0
3349,0
3350,1
3351,0
3352,1
3353,0
3354,0
3355,0
3356,0
3357,0
3358,0
3359,0
3360,0
3361,0
3362,0
3363,0
3364,0
3365,0
3366,0
3367,0
3368,0
3369,0
3370,1
3371,0
3372,1
3373,0
3374,0
3375,0
3376,1
3377,1
3378,0
3379,0
3380,0
3381,0
3382,0
3383,0
3384,0
3385,0
3386,0
3387,0
3388,1
3389,0
3390,0
3391,0
3392,0
3393,0
3394,0
3395,0
3396,0
3397,0
3398,0
3399,0
3400,1
3401,0
3402,0
3403,0
3404,0
3405,0
3406,0
3407,0
3408,0
3409,0
3410,0
3411,0
3412,0
3413,0
3414,0
3415,0
3416,1
3417,0
3418,0
3419,0
3420,0
3421,0
3422,1
3423,1
3424,0
3425,0
3426,0
3427,0
3428,0
3429,1
3430,0
3431,1
3432,0
3433,0
3434,1
3435,1
3436,1
3437,0
3438,1
3439,0
3440,1
3441,0
3442,1
3443,0
3444,1
3445,0
3446,0
3447,0
3448,1
3449,0
3450,0
3451,0
3452,0
3453,0
3454,1
3455,0
3456,0
3457,0
3458,0
3459,0
3460,1
3461,1
3462,1
3463,1
3464,1
3465,0
3466,0
3467,1
3468,0
3469,0
3470,1
3471,0
3472,0
3473,0
3474,0
3475,1
3476,0
3477,1
3478,1
3479,0
3480,0
3481,1
3482,1
3483,1
3484,1
3485,0
3486,0
3487,0
3488,0
3489,0
3490,1
3491,0
3492,0
3493,0
3494,1
3495,1
3496,1
3497,0
3498,0
3499,1
3500,1
3501,1
3502,1
3503,1
3504,0
3505,1
3506,0
3507,0
3508,1
3509,1
3510,0
3511,1
3512,0
3513,0
3514,1
3515,1
3516,0
3517,0
3518,1
3519,0
3520,0
3521,1
3522,0
3523,0
3524,0
3525,0
3526,0
3527,0
3528,1
3529,0
3530,0
3531,1
3532,0
3533,0
3534,0
3535,0
3536,0
3537,0
3538,0
3539,0
3540,0
3541,1
3542,1
3543,0
3544,0
3545,0
3546,0
3547,0
3548,1
3549,0
3550,0
3551,1
3552,1
3553,0
3554,0
3555,0
3556,0
3557,0
3558,1
3559,0
3560,1
3561,0
3562,1
3563,0
3564,0
3565,1
3566,0
3567,0
3568,0
3569,0
3570,0
3571,0
3572,1
3573,0
3574,0
3575,0
3576,0
3577,0
3578,0
3579,0
3580,0
3581,1
3582,0
3583,0
3584,1
3585,0
3586,1
3587,0
3588,0
3589,0
3590,0
3591,1
3592,0
3593,1
3594,0
3595,0
3596,0
3597,0
3598,1
3599,1
3600,1
3601,1
3602,0
3603,1
3604,0
3605,1
3606,0
3607,0
3608,0
3609,1
3610,1
3611,1
3612,0
3613,0
3614,0
3615,0
3616,1
3617,0
3618,0
3619,0
3620,1
3621,0
3622,0
3623,0
3624,0
3625,0
3626,0
3627,0
3628,0
3629,1
3630,0
3631,1
3632,0
3633,1
3634,1
3635,1
3636,0
3637,0
3638,1
3639,1
3640,1
3641,0
3642,1
3643,0
3644,0
3645,1
3646,0
3647,1
3648,0
3649,0
3650,0
3651,0
3652,0
3653,0
3654,0
3655,0
3656,0
3657,0
3658,1
3659,0
3660,0
3661,1
3662,1
3663,0
3664,0
3665,0
3666,0
3667,1
3668,1
3669,1
3670,0
3671,1
3672,0
3673,0
3674,1
3675,0
3676,0
3677,0
3678,1
3679,0
3680,0
3681,0
3682,0
3683,0
3684,0
3685,0
3686,0
3687,0
3688,1
3689,1
3690,0
3691,0
3692,0
3693,1
3694,0
3695,0
3696,0
3697,0
3698,0
3699,0
3700,1
3701,0
3702,0
3703,0
3704,1
3705,1
3706,1
3707,0
3708,1
3709,0
3710,1
3711,0
3712,0
3713,0
3714,1
3715,1
3716,0
3717,0
3718,0
3719,1
3720,1
3721,0
3722,0
3723,0
3724,0
3725,1
3726,0
3727,0
3728,0
3729,1
3730,0
3731,0
3732,0
3733,0
3734,1
3735,0
3736,1
3737,0
3738,1
3739,0
3740,0
3741,0
3742,1
3743,0
3744,0
3745,0
3746,0
3747,0
3748,0
3749,0
3750,0
3751,0
3752,0
3753,0
3754,0
3755,1
3756,0
3757,1
3758,0
3759,0
3760,1
3761,0
3762,0
3763,0
3764,1
3765,0
3766,1
3767,0
3768,1
3769,0
3770,0
3771,0
3772,1
3773,0
3774,0
3775,0
3776,1
3777,0
3778,0
3779,0
3780,1
3781,0
3782,1
3783,0
3784,0
3785,1
3786,1
3787,0
3788,0
3789,0
3790,0
3791,0
3792,1
3793,0
3794,1
3795,1
3796,1
3797,1
3798,1
3799,1
3800,0
3801,0
3802,0
3803,1
3804,1
3805,0
3806,0
3807,0
3808,0
3809,0
3810,0
3811,0
3812,1
3813,0
3814,0
3815,0
3816,1
3817,0
3818,0
3819,1
3820,1
3821,0
3822,0
3823,0
3824,0
3825,1
3826,0
3827,0
3828,1
3829,1
3830,1
3831,0
3832,0
3833,0
3834,0
3835,1
3836,1
3837,0
3838,0
3839,0
3840,0
3841,1
3842,0
3843,0
3844,0
3845,0
3846,0
3847,0
3848,0
3849,0
3850,1
3851,0
3852,0
3853,0
3854,0
3855,0
3856,0
3857,0
3858,0
3859,0
3860,1
3861,0
3862,0
3863,1
3864,1
3865,0
3866,0
3867,0
3868,0
3869,0
3870,0
3871,0
3872,0
3873,0
3874,0
3875,1
3876,0
3877,0
3878,0
3879,1
3880,0
3881,1
3882,0
3883,0
3884,0
3885,1
3886,0
3887,0
3888,0
3889,0
3890,0
3891,0
3892,1
3893,1
3894,0
3895,0
3896,0
3897,0
3898,0
3899,1
3900,1
3901,0
3902,0
3903,1
3904,0
3905,0
3906,1
3907,0
3908,0
3909,0
3910,1
3911,0
3912,0
3913,0
3914,0
3915,0
3916,1
3917,0
3918,0
3919,0
3920,0
3921,0
3922,0
3923,1
3924,1
3925,0
3926,0
3927,1
3928,0
3929,0
3930,0
3931,0
3932,0
3933,0
3934,0
3935,1
3936,0
3937,1
3938,1
3939,0
3940,0
3941,1
3942,1
3943,1
3944,1
3945,0
3946,0
3947,1
3948,0
3949,1
3950,0
3951,0
3952,1
3953,0
3954,0
3955,0
3956,0
3957,1
3958,0
3959,0
3960,0
3961,1
3962,0
3963,1
3964,0
3965,0
3966,0
3967,0
3968,0
3969,0
3970,0
3971,0
3972,1
3973,0
3974,0
3975,0
3976,0
3977,0
3978,0
3979,0
3980,1
3981,0
3982,0
3983,1
3984,1
3985,1
3986,1
3987,0
3988,1
3989,1
3990,1
3991,1
3992,0
3993,1
3994,0
3995,0
3996,1
3997,0
3998,1
3999,0
4000,0
4001,0
4002,0
4003,0
4004,0
4005,1
4006,1
4007,0
4008,0
4009,0
4010,1
4011,0
4012,0
4013,0
4014,0
4015,0
4016,0
4017,1
4018,1
4019,1
4020,1
4021,0
4022,0
4023,0
4024,0
4025,0
4026,0
4027,1
4028,1
4029,1
4030,0
4031,0
4032,0
4033,1
4034,0
4035,1
4036,0
4037,0
4038,0
4039,1
4040,0
4041,0
4042,1
4043,0
4044,0
4045,0
4046,1
4047,0
4048,0
4049,0
4050,0
4051,1
4052,1
4053,0
4054,0
4055,0
4056,1
4057,0
4058,0
4059,0
4060,0
4061,1
4062,1
4063,0
4064,1
4065,0
4066,0
4067,1
4068,0
4069,0
4070,0
4071,0
4072,1
4073,0
4074,0
4075,1
4076,0
4077,0
4078,0
4079,0
4080,0
4081,0
4082,0
4083,0
4084,0
4085,0
4086,0
4087,0
4088,0
4089,0
4090,1
4091,1
4092,1
4093,1
4094,0
4095,0
4096,1
4097,0
4098,0
4099,1
4100,1
4101,0
4102,1
4103,0
4104,0
4105,1
4106,1
4107,0
4108,0
4109,0
4110,0
4111,0
4112,0
4113,0
4114,0
4115,1
4116,0
4117,0
4118,1
4119,1
4120,0
4121,0
4122,0
4123,1
4124,1
4125,1
4126,0
4127,0
4128,0
4129,0
4130,0
4131,1
4132,1
4133,0
4134,1
4135,0
4136,1
4137,1
4138,1
4139,0
4140,0
4141,1
4142,1
4143,0
4144,0
4145,0
4146,1
4147,0
4148,0
4149,0
4150,0
4151,0
4152,0
4153,1
4154,0
4155,0
4156,1
4157,0
4158,0
4159,0
4160,0
4161,0
4162,1
4163,0
4164,1
4165,1
4166,0
4167,0
4168,1
4169,0
4170,0
4171,1
4172,0
4173,0
4174,0
4175,1
4176,1
4177,0
4178,1
4179,0
4180,1
4181,0
4182,0
4183,1
4184,0
4185,1
4186,0
4187,0
4188,1
4189,1
4190,0
4191,0
4192,0
4193,1
4194,0
4195,1
4196,0
4197,0
4198,0
4199,0
4200,0
4201,0
4202,1
4203,1
4204,1
4205,1
4206,1
4207,1
4208,0
4209,1
4210,0
4211,1
4212,1
4213,0
4214,0
4215,0
4216,0
4217,0
4218,1
4219,1
4220,1
4221,0
4222,0
4223,0
4224,0
4225,0
4226,1
4227,1
4228,0
4229,1
4230,1
4231,1
4232,0
4233,1
4234,1
4235,1
4236,1
4237,0
4238,1
4239,0
4240,1
4241,1
4242,1
4243,0
4244,0
4245,0
4246,0
4247,0
4248,0
4249,0
4250,0
4251,1
4252,0
4253,1
4254,0
4255,0
4256,1
4257,0
4258,1
4259,0
4260,1
4261,1
4262,0
4263,0
4264,0
4265,1
4266,1
4267,1
4268,0
4269,0
4270,0
4271,0
4272,1
4273,1
4274,0
4275,1
4276,0
4277,0
4278,0
4279,1
4280,0
4281,1
4282,1
4283,0
4284,0
4285,0
4286,0
4287,1
4288,0
4289,1
4290,1
4291,1
4292,0
4293,1
4294,1
4295,0
4296,0
4297,1
4298,0
4299,0
4300,1
4301,0
4302,0
4303,0
4304,0
4305,0
4306,1
4307,1
4308,0
4309,0
4310,0
4311,0
4312,0
4313,0
4314,0
4315,0
4316,1
4317,0
4318,1
4319,0
4320,0
4321,1
4322,1
4323,1
4324,1
4325,1
4326,0
4327,0
4328,1
4329,0
4330,0
4331,0
4332,1
4333,0
4334,0
4335,1
4336,1
4337,0
4338,0
4339,0
4340,1
4341,0
4342,0
4343,0
4344,0
4345,1
4346,0
4347,1
4348,0
4349,0
4350,0
4351,0
4352,0
4353,1
4354,0
4355,1
4356,0
4357,0
4358,0
4359,0
4360,0
4361,0
4362,0
4363,0
4364,0
4365,1
4366,0
4367,0
4368,0
4369,1
4370,1
4371,0
4372,0
4373,0
4374,0
4375,0
4376,0
4377,1
4378,0
4379,1
4380,0
4381,0
4382,1
4383,1
4384,1
4385,0
4386,0
4387,0
4388,0
4389,1
4390,0
4391,0
4392,0
4393,0
4394,0
4395,1
4396,1
4397,1
4398,0
4399,0
4400,1
4401,0
4402,0
4403,0
4404,0
4405,0
4406,0
4407,0
4408,0
4409,0
4410,0
4411,0
4412,0
4413,0
4414,1
4415,1
4416,0
4417,0
4418,0
4419,0
4420,1
4421,0
4422,0
4423,1
4424,0
4425,0
4426,0
4427,0
4428,0
4429,0
4430,1
4431,0
4432,1
4433,0
4434,1
4435,0
4436,0
4437,0
4438,0
4439,0
4440,0
4441,1
4442,0
4443,0
4444,0
4445,0
4446,1
4447,1
4448,0
4449,0
4450,0
4451,1
4452,0
4453,0
4454,1
4455,1
4456,1
4457,0
4458,0
4459,0
4460,0
4461,0
4462,1
4463,1
4464,0
4465,1
4466,0
4467,0
4468,0
4469,0
4470,0
4471,1
4472,0
4473,0
4474,0
4475,0
4476,0
4477,0
4478,0
4479,1
4480,0
4481,0
4482,1
4483,0
4484,0
4485,0
4486,0
4487,1
4488,1
4489,0
4490,0
4491,0
4492,0
4493,0
4494,0
4495,0
4496,0
4497,1
4498,0
4499,0
4500,0
4501,0
4502,0
4503,0
4504,0
4505,0
4506,0
4507,1
4508,0
4509,0
4510,0
4511,0
4512,0
4513,0
4514,0
4515,1
4516,0
4517,1
4518,0
4519,1
4520,1
4521,0
4522,1
4523,1
4524,0
4525,1
4526,1
4527,0
4528,0
4529,0
4530,1
4531,0
4532,1
4533,0
4534,1
4535,1
4536,0
4537,0
4538,0
4539,0
4540,1
4541,0
4542,1
4543,0
4544,0
4545,0
4546,0
4547,0
4548,1
4549,1
4550,1
4551,1
4552,0
4553,0
4554,1
4555,0
4556,1
4557,0
4558,0
4559,0
4560,0
4561,1
4562,1
4563,0
4564,0
4565,1
4566,1
4567,0
4568,0
4569,1
4570,0
4571,1
4572,0
4573,0
4574,0
4575,1
4576,0
4577,0
4578,0
4579,0
4580,0
4581,1
4582,0
4583,1
4584,1
4585,0
4586,1
4587,1
4588,1
4589,0
4590,1
4591,0
4592,0
4593,0
4594,1
4595,1
4596,0
4597,0
4598,1
4599,1
4600,0
4601,0
4602,0
4603,0
4604,0
4605,0
4606,0
4607,1
4608,1
4609,1
4610,0
4611,1
4612,0
4613,0
4614,1
4615,0
4616,0
4617,0
4618,0
4619,0
4620,1
4621,1
4622,0
4623,0
4624,1
4625,0
4626,1
4627,0
4628,0
4629,0
4630,0
4631,1
4632,0
4633,0
4634,0
4635,1
4636,0
4637,0
4638,1
4639,0
4640,0
4641,1
4642,0
4643,1
4644,0
4645,0
4646,0
4647,0
4648,1
4649,1
4650,0
4651,0
4652,1
4653,0
4654,0
4655,1
4656,0
4657,0
4658,1
4659,0
4660,0
4661,0
4662,0
4663,0
4664,0
4665,0
4666,1
4667,0
4668,0
4669,0
4670,0
4671,0
4672,0
4673,0
4674,0
4675,1
4676,0
4677,0
4678,0
4679,1
4680,0
4681,0
4682,0
4683,1
4684,1
4685,0
4686,0
4687,0
4688,0
4689,0
4690,0
4691,1
4692,0
4693,0
4694,1
4695,0
4696,0
4697,0
4698,0
4699,1
4700,0
4701,0
4702,0
4703,0
4704,1
4705,1
4706,0
4707,1
4708,1
4709,0
4710,1
4711,0
4712,0
4713,0
4714,0
4715,1
4716,0
4717,0
4718,1
4719,0
4720,0
4721,1
4722,0
4723,0
4724,0
4725,0
4726,0
4727,0
4728,1
4729,1
4730,0
4731,0
4732,0
4733,0
4734,0
4735,1
4736,1
4737,0
4738,0
4739,0
4740,0
4741,0
4742,1
4743,0
4744,0
4745,0
4746,0
4747,0
4748,0
4749,0
4750,0
4751,0
4752,0
4753,0
4754,0
4755,0
4756,0
4757,0
4758,0
4759,0
4760,0
4761,0
4762,0
4763,0
4764,0
4765,0
4766,0
4767,0
4768,0
4769,1
4770,0
4771,0
4772,0
4773,0
4774,0
4775,0
4776,0
4777,0
4778,0
4779,0
4780,0
4781,0
4782,0
4783,0
4784,0
4785,1
4786,1
4787,0
4788,1
4789,1
4790,0
4791,0
4792,0
4793,1
4794,0
4795,0
4796,0
4797,0
4798,0
4799,1
4800,0
4801,0
4802,0
4803,0
4804,0
4805,0
4806,1
4807,0
4808,0
4809,0
4810,1
4811,0
4812,1
4813,0
4814,1
4815,0
4816,0
4817,0
4818,1
4819,0
4820,0
4821,1
4822,0
4823,1
4824,0
4825,1
4826,0
4827,0
4828,0
4829,1
4830,0
4831,0
4832,1
4833,1
4834,0
4835,0
4836,0
4837,0
4838,0
4839,1
4840,1
4841,1
4842,0
4843,1
4844,0
4845,1
4846,0
4847,0
4848,0
4849,1
4850,1
4851,1
4852,1
4853,0
4854,1
4855,1
4856,1
4857,0
4858,1
4859,0
4860,0
4861,1
4862,0
4863,0
4864,0
4865,1
4866,0
4867,0
4868,1
4869,1
4870,0
4871,0
4872,0
4873,0
4874,0
4875,0
4876,0
4877,1
4878,0
4879,0
4880,1
4881,0
4882,0
4883,0
4884,0
4885,0
4886,1
4887,0
4888,1
4889,1
4890,0
4891,1
4892,1
4893,0
4894,0
4895,1
4896,1
4897,1
4898,0
4899,0
4900,0
4901,0
4902,0
4903,0
4904,1
4905,1
4906,0
4907,1
4908,0
4909,1
4910,0
4911,0
4912,1
4913,1
4914,1
4915,1
4916,0
4917,1
4918,0
4919,1
4920,1
4921,0
4922,0
4923,0
4924,0
4925,0
4926,0
4927,0
4928,0
4929,0
4930,0
4931,0
4932,0
4933,0
4934,0
4935,1
4936,0
4937,0
4938,0
4939,0
4940,1
4941,1
4942,0
4943,0
4944,0
4945,0
4946,0
4947,1
4948,0
4949,0
4950,0
4951,0
4952,0
4953,0
4954,0
4955,1
4956,1
4957,1
4958,0
4959,0
4960,0
4961,1
4962,1
4963,1
4964,1
4965,0
4966,1
4967,0
4968,0
4969,1
4970,0
4971,1
4972,1
4973,1
4974,0
4975,1
4976,0
4977,0
4978,1
4979,0
4980,0
4981,0
4982,0
4983,0
4984,0
4985,0
4986,0
4987,0
4988,0
4989,0
4990,1
4991,0
4992,0
4993,1
4994,1
4995,1
4996,1
4997,1
4998,0
4999,0
5000,1
5001,0
5002,0
5003,0
5004,0
5005,0
5006,0
5007,0
5008,0
5009,1
5010,0
5011,0
5012,0
5013,1
5014,0
5015,0
5016,0
5017,0
5018,0
5019,0
5020,0
5021,0
5022,0
5023,0
5024,1
5025,0
5026,1
5027,0
5028,0
5029,0
5030,1
5031,0
5032,0
5033,0
5034,0
5035,0
5036,1
5037,0
5038,0
5039,1
5040,0
5041,1
5042,0
5043,1
5044,1
5045,1
5046,0
5047,1
5048,1
5049,1
5050,1
5051,0
5052,0
5053,1
5054,0
5055,0
5056,0
5057,0
5058,1
5059,1
5060,0
5061,1
5062,1
5063,0
5064,0
5065,0
5066,1
5067,0
5068,0
5069,0
5070,0
5071,1
5072,1
5073,1
5074,1
5075,1
5076,0
5077,0
5078,0
5079,0
5080,0
5081,0
5082,0
5083,0
5084,0
5085,0
5086,0
5087,0
5088,0
5089,1
5090,1
5091,0
5092,1
5093,1
5094,0
5095,1
5096,0
5097,0
5098,0
5099,1
5100,1
5101,0
5102,1
5103,0
5104,0
5105,0
5106,1
5107,0
5108,0
5109,1
5110,0
5111,0
5112,1
5113,1
5114,0
5115,0
5116,0
5117,0
5118,0
5119,0
5120,0
5121,0
5122,0
5123,1
5124,1
5125,0
5126,1
5127,0
5128,0
5129,0
5130,0
5131,1
5132,0
5133,1
5134,1
5135,0
5136,1
5137,0
5138,0
5139,0
5140,0
5141,0
5142,1
5143,0
5144,1
5145,0
5146,0
5147,1
5148,0
5149,0
5150,0
5151,0
5152,1
5153,0
5154,0
5155,0
5156,1
5157,0
5158,1
5159,1
5160,1
5161,0
5162,0
5163,0
5164,0
5165,0
5166,0
5167,0
5168,0
5169,1
5170,0
5171,0
5172,1
5173,0
5174,0
5175,0
5176,1
5177,1
5178,1
5179,1
5180,1
5181,0
5182,0
5183,0
5184,1
5185,0
5186,0
5187,1
5188,0
5189,1
5190,0
5191,0
5192,0
5193,0
5194,0
5195,0
5196,1
5197,1
5198,0
5199,0
5200,0
5201,0
5202,1
5203,1
5204,0
5205,1
5206,0
5207,1
5208,1
5209,1
5210,0
5211,0
5212,0
5213,1
5214,0
5215,0
5216,1
5217,0
5218,1
5219,1
5220,0
5221,0
5222,1
5223,0
5224,0
5225,1
5226,0
5227,0
5228,1
5229,0
5230,1
5231,0
5232,0
5233,1
5234,1
5235,0
5236,0
5237,0
5238,1
5239,0
5240,1
5241,1
5242,0
5243,0
5244,1
5245,1
5246,0
5247,1
5248,1
5249,0
5250,1
5251,1
5252,0
5253,1
5254,1
5255,0
5256,0
5257,0
5258,0
5259,0
5260,0
5261,1
5262,1
5263,1
5264,1
5265,0
5266,0
5267,0
5268,0
5269,0
5270,0
5271,0
5272,0
5273,0
5274,1
5275,0
5276,0
5277,0
5278,0
5279,0
5280,1
5281,1
5282,0
5283,0
5284,1
5285,0
5286,0
5287,1
5288,1
5289,1
5290,1
5291,0
5292,0
5293,0
5294,0
5295,1
5296,0
5297,0
5298,1
5299,1
5300,1
5301,0
5302,0
5303,0
5304,0
5305,0
5306,0
5307,0
5308,0
5309,0
5310,0
5311,0
5312,0
5313,1
5314,0
5315,1
5316,1
5317,0
5318,0
5319,1
5320,1
5321,1
5322,0
5323,1
5324,0
5325,0
5326,1
5327,0
5328,0
5329,1
5330,0
5331,1
5332,0
5333,0
5334,1
5335,1
5336,1
5337,0
5338,0
5339,1
5340,0
5341,0
5342,0
5343,0
5344,0
5345,0
5346,0
5347,0
5348,0
5349,1
5350,0
5351,0
5352,0
5353,0
5354,0
5355,0
5356,0
5357,0
5358,0
5359,0
5360,0
5361,0
5362,1
5363,1
5364,1
5365,1
5366,1
5367,1
5368,0
5369,1
5370,0
5371,0
5372,0
5373,1
5374,1
5375,0
5376,0
5377,1
5378,0
5379,0
5380,0
5381,0
5382,1
5383,1
5384,0
5385,1
5386,0
5387,0
5388,0
5389,0
5390,0
5391,0
5392,0
5393,0
5394,0
5395,0
5396,1
5397,0
5398,1
5399,0
5400,0
5401,1
5402,1
5403,0
5404,0
5405,1
5406,1
5407,0
5408,0
5409,0
5410,0
5411,0
5412,1
5413,1
5414,1
5415,0
5416,1
5417,1
5418,0
5419,0
5420,0
5421,0
5422,0
5423,0
5424,1
5425,0
5426,1
5427,0
5428,0
5429,1
5430,0
5431,0
5432,1
5433,1
5434,1
5435,0
5436,0
5437,1
5438,0
5439,1
5440,0
5441,1
5442,0
5443,0
5444,0
5445,0
5446,1
5447,0
5448,0
5449,0
5450,0
5451,0
5452,1
5453,1
5454,0
5455,0
5456,0
5457,0
5458,0
5459,0
5460,0
5461,1
5462,1
5463,1
5464,0
5465,1
5466,0
5467,0
5468,1
5469,0
5470,0
5471,0
5472,0
5473,0
5474,0
5475,1
5476,0
5477,0
5478,1
5479,0
5480,0
5481,0
5482,1
5483,0
5484,1
5485,0
5486,0
5487,0
5488,1
5489,1
5490,0
5491,1
5492,1
5493,1
5494,0
5495,1
5496,0
5497,0
5498,0
5499,0
5500,0
5501,0
5502,0
5503,0
5504,1
5505,0
5506,1
5507,1
5508,0
5509,0
5510,0
5511,0
5512,0
5513,0
5514,0
5515,1
5516,0
5517,0
5518,1
5519,0
5520,1
5521,0
5522,0
5523,1
5524,0
5525,0
5526,0
5527,1
5528,0
5529,0
5530,1
5531,0
5532,0
5533,1
5534,0
5535,0
5536,0
5537,1
5538,0
5539,1
5540,1
5541,0
5542,0
5543,0
5544,0
5545,0
5546,0
5547,1
5548,0
5549,1
5550,1
5551,0
5552,0
5553,0
5554,0
5555,0
5556,0
5557,0
5558,0
5559,1
5560,0
5561,0
5562,0
5563,0
5564,0
5565,1
5566,0
5567,1
5568,0
5569,0
5570,0
5571,1
5572,1
5573,0
5574,0
5575,0
5576,0
5577,1
5578,1
5579,0
5580,1
5581,0
5582,0
5583,0
5584,1
5585,0
5586,0
5587,0
5588,0
5589,0
5590,0
5591,1
5592,0
5593,0
5594,0
5595,1
5596,1
5597,0
5598,0
5599,0
5600,1
5601,0
5602,0
5603,0
5604,0
5605,1
5606,1
5607,0
5608,0
5609,1
5610,0
5611,1
5612,0
5613,1
5614,1
5615,0
5616,0
5617,0
5618,1
5619,1
5620,1
5621,0
5622,1
5623,1
5624,0
5625,1
5626,1
5627,0
5628,0
5629,0
5630,0
5631,1
5632,0
5633,1
5634,0
5635,0
5636,0
5637,0
5638,0
5639,1
5640,0
5641,1
5642,1
5643,0
5644,1
5645,0
5646,0
5647,1
5648,0
5649,0
5650,1
5651,0
5652,0
5653,0
5654,0
5655,0
5656,1
5657,1
5658,0
5659,1
5660,0
5661,0
5662,1
5663,1
5664,0
5665,0
5666,0
5667,1
5668,0
5669,0
5670,0
5671,1
5672,0
5673,0
5674,1
5675,0
5676,0
5677,1
5678,1
5679,0
5680,0
5681,1
5682,0
5683,0
5684,0
5685,0
5686,0
5687,0
5688,0
5689,0
5690,0
5691,0
5692,1
5693,1
5694,1
5695,1
5696,1
5697,1
5698,1
5699,0
5700,0
5701,0
5702,1
5703,0
5704,0
5705,0
5706,1
5707,0
5708,1
5709,1
5710,0
5711,0
5712,0
5713,1
5714,0
5715,0
5716,0
5717,0
5718,0
5719,0
5720,1
5721,0
5722,0
5723,0
5724,0
5725,1
5726,0
5727,0
5728,0
5729,1
5730,1
5731,0
5732,0
5733,1
5734,1
5735,0
5736,1
5737,0
5738,0
5739,1
5740,1
5741,0
5742,1
5743,0
5744,1
5745,0
5746,1
5747,0
5748,0
5749,0
5750,1
5751,0
5752,0
5753,1
5754,0
5755,0
5756,0
5757,0
5758,1
5759,0
5760,0
5761,0
5762,0
5763,0
5764,0
5765,0
5766,0
5767,0
5768,0
5769,0
5770,0
5771,0
5772,0
5773,1
5774,0
5775,0
5776,1
5777,1
5778,1
5779,0
5780,1
5781,1
5782,0
5783,0
5784,0
5785,1
5786,0
5787,0
5788,0
5789,0
5790,1
5791,1
5792,0
5793,1
5794,0
5795,0
5796,0
5797,1
5798,0
5799,0
5800,0
5801,0
5802,1
5803,0
5804,1
5805,0
5806,0
5807,1
5808,1
5809,0
5810,0
5811,0
5812,0
5813,0
5814,0
5815,0
5816,1
5817,1
5818,0
5819,1
5820,1
5821,0
5822,0
5823,1
5824,1
5825,0
5826,1
5827,0
5828,0
5829,0
5830,1
5831,1
5832,0
5833,0
5834,1
5835,0
5836,1
5837,0
5838,1
5839,1
5840,0
5841,1
5842,1
5843,1
5844,0
5845,0
5846,1
5847,0
5848,1
5849,0
5850,1
5851,0
5852,0
5853,0
5854,0
5855,0
5856,1
5857,0
5858,1
5859,0
5860,0
5861,0
5862,1
5863,0
5864,1
5865,0
5866,0
5867,0
5868,1
5869,0
5870,0
5871,0
5872,0
5873,1
5874,0
5875,1
5876,0
5877,0
5878,0
5879,0
5880,0
5881,0
5882,1
5883,0
5884,1
5885,0
5886,0
5887,0
5888,1
5889,0
5890,0
5891,1
5892,0
5893,1
5894,1
5895,1
5896,1
5897,0
5898,1
5899,0
5900,0
5901,0
5902,0
5903,1
5904,0
5905,0
5906,0
5907,0
5908,1
5909,0
5910,0
5911,0
5912,0
5913,0
5914,0
5915,1
5916,0
5917,1
5918,0
5919,0
5920,0
5921,1
5922,0
5923,0
5924,0
5925,1
5926,0
5927,1
5928,0
5929,0
5930,0
5931,0
5932,0
5933,0
5934,0
5935,0
5936,0
5937,0
5938,0
5939,0
5940,1
5941,0
5942,0
5943,1
5944,0
5945,0
5946,0
5947,0
5948,0
5949,1
5950,0
5951,0
5952,1
5953,0
5954,1
5955,0
5956,0
5957,1
5958,0
5959,0
5960,0
5961,1
5962,1
5963,0
5964,0
5965,0
5966,1
5967,0
5968,0
5969,1
5970,0
5971,1
5972,1
5973,0
5974,0
5975,0
5976,1
5977,1
5978,0
5979,1
5980,1
5981,0
5982,0
5983,0
5984,0
5985,0
5986,0
5987,0
5988,1
5989,1
5990,0
5991,0
5992,0
5993,0
5994,0
5995,0
5996,0
5997,0
5998,0
5999,0
6000,0
6001,0
6002,1
6003,1
6004,0
6005,1
6006,0
6007,0
6008,1
6009,0
6010,1
6011,0
6012,1
6013,0
6014,0
6015,0
6016,0
6017,0
6018,0
6019,0
6020,0
6021,0
6022,1
6023,0
6024,1
6025,1
6026,0
6027,1
6028,0
6029,0
6030,1
6031,0
6032,0
6033,1
6034,0
6035,0
6036,0
6037,0
6038,0
6039,0
6040,0
6041,0
6042,1
6043,0
6044,0
6045,0
6046,0
6047,0
6048,0
6049,0
6050,1
6051,0
6052,1
6053,1
6054,1
6055,0
6056,0
6057,0
6058,0
6059,1
6060,1
6061,0
6062,0
6063,0
6064,0
6065,0
6066,0
6067,1
6068,0
6069,0
6070,1
6071,1
6072,0
6073,0
6074,1
6075,0
6076,0
6077,0
6078,1
6079,0
6080,1
6081,0
6082,1
6083,1
6084,1
6085,0
6086,0
6087,1
6088,0
6089,1
6090,0
6091,0
6092,1
6093,0
6094,0
6095,0
6096,0
6097,1
6098,0
6099,0
6100,0
6101,1
6102,1
6103,1
6104,0
6105,0
6106,1
6107,0
6108,0
6109,1
6110,0
6111,1
6112,1
6113,0
6114,1
6115,0
6116,0
6117,1
6118,0
6119,1
6120,1
6121,0
6122,0
6123,0
6124,0
6125,1
6126,0
6127,0
6128,0
6129,0
6130,0
6131,0
6132,0
6133,0
6134,1
6135,0
6136,1
6137,0
6138,0
6139,0
6140,1
6141,0
6142,1
6143,1
6144,1
6145,0
6146,0
6147,0
6148,0
6149,0
6150,0
6151,1
6152,0
6153,0
6154,0
6155,1
6156,0
6157,0
6158,0
6159,0
6160,1
6161,0
6162,0
6163,0
6164,1
6165,1
6166,0
6167,0
6168,0
6169,0
6170,0
6171,1
6172,1
6173,0
6174,0
6175,0
6176,1
6177,1
6178,1
6179,0
6180,1
6181,1
6182,0
6183,0
6184,0
6185,0
6186,1
6187,0
6188,1
6189,1
6190,1
6191,1
6192,0
6193,1
6194,1
6195,1
6196,0
6197,1
6198,0
6199,1
6200,0
6201,0
6202,1
6203,1
6204,1
6205,0
6206,1
6207,1
6208,0
6209,0
6210,0
6211,0
6212,1
6213,0
6214,1
6215,1
6216,1
6217,0
6218,1
6219,1
6220,1
6221,1
6222,1
6223,1
6224,0
6225,0
6226,1
6227,1
6228,0
6229,0
6230,1
6231,1
6232,0
6233,0
6234,0
6235,0
6236,0
6237,0
6238,0
6239,0
6240,0
6241,1
6242,1
6243,0
6244,0
6245,1
6246,0
6247,0
6248,0
6249,0
6250,0
6251,0
6252,1
6253,1
6254,1
6255,0
6256,0
6257,1
6258,0
6259,0
6260,0
6261,0
6262,0
6263,0
6264,1
6265,0
6266,1
6267,0
6268,1
6269,0
6270,0
6271,0
6272,1
6273,0
6274,1
6275,1
6276,0
6277,0
6278,0
6279,0
6280,0
6281,0
6282,1
6283,0
6284,0
6285,1
6286,0
6287,0
6288,0
6289,0
6290,1
6291,1
6292,1
6293,1
6294,1
6295,1
6296,1
6297,0
6298,0
6299,1
6300,0
6301,0
6302,1
6303,1
6304,0
6305,1
6306,0
6307,0
6308,0
6309,0
6310,1
6311,0
6312,1
6313,0
6314,0
6315,0
6316,1
6317,0
6318,0
6319,0
6320,1
6321,0
6322,0
6323,1
6324,1
6325,0
6326,0
6327,1
6328,1
6329,0
6330,1
6331,1
6332,0
6333,0
6334,1
6335,0
6336,0
6337,0
6338,1
6339,0
6340,1
6341,0
6342,0
6343,0
6344,0
6345,1
6346,1
6347,1
6348,1
6349,1
6350,0
6351,0
6352,0
6353,0
6354,0
6355,0
6356,0
6357,1
6358,0
6359,0
6360,0
6361,0
6362,1
6363,0
6364,1
6365,1
6366,0
6367,0
6368,0
6369,0
6370,0
6371,0
6372,1
6373,0
6374,0
6375,0
6376,0
6377,0
6378,0
6379,1
6380,1
6381,0
6382,1
6383,0
6384,1
6385,0
6386,1
6387,1
6388,1
6389,1
6390,0
6391,0
6392,0
6393,1
6394,1
6395,0
6396,1
6397,1
6398,1
6399,0
6400,0
6401,0
6402,0
6403,1
6404,0
6405,0
6406,1
6407,1
6408,0
6409,0
6410,1
6411,0
6412,1
6413,0
6414,0
6415,1
6416,0
6417,0
6418,0
6419,0
6420,0
6421,0
6422,0
6423,0
6424,0
6425,0
6426,1
6427,1
6428,0
6429,0
6430,0
6431,1
6432,1
6433,0
6434,0
6435,1
6436,0
6437,0
6438,1
6439,0
6440,0
6441,0
6442,1
6443,1
6444,0
6445,1
6446,0
6447,0
6448,0
6449,0
6450,0
6451,1
6452,1
6453,0
6454,0
6455,0
6456,0
6457,0
6458,0
6459,0
6460,0
6461,1
6462,1
6463,0
6464,1
6465,0
6466,1
6467,0
6468,0
6469,1
6470,0
6471,1
6472,0
6473,0
6474,1
6475,0
6476,1
6477,0
6478,0
6479,0
6480,1
6481,0
6482,1
6483,0
6484,1
6485,1
6486,0
6487,1
6488,0
6489,0
6490,0
6491,0
6492,0
6493,0
6494,0
6495,1
6496,0
6497,1
6498,0
6499,0
6500,1
6501,0
6502,0
6503,1
6504,0
6505,0
6506,1
6507,1
6508,0
6509,0
6510,0
6511,0
6512,1
6513,0
6514,1
6515,0
6516,0
6517,0
6518,1
6519,0
6520,0
6521,1
6522,0
6523,0
6524,1
6525,0
6526,1
6527,0
6528,0
6529,0
6530,0
6531,0
6532,0
6533,0
6534,1
6535,0
6536,1
6537,1
6538,1
6539,0
6540,1
6541,0
6542,0
6543,0
6544,0
6545,1
6546,0
6547,0
6548,0
6549,1
6550,0
6551,1
6552,0
6553,1
6554,0
6555,0
6556,0
6557,0
6558,0
6559,0
6560,1
6561,1
6562,0
6563,0
6564,0
6565,0
6566,0
6567,0
6568,0
6569,0
6570,0
6571,0
6572,0
6573,1
6574,0
6575,0
6576,1
6577,0
6578,1
6579,1
6580,0
6581,1
6582,0
6583,1
6584,0
6585,0
6586,0
6587,0
6588,0
6589,1
6590,1
6591,0
6592,0
6593,1
6594,0
6595,0
6596,0
6597,0
6598,0
6599,1
6600,0
6601,0
6602,0
6603,1
6604,0
6605,0
6606,1
6607,1
6608,0
6609,0
6610,0
6611,0
6612,1
6613,1
6614,0
6615,1
6616,0
6617,0
6618,0
6619,0
6620,0
6621,0
6622,0
6623,1
6624,0
6625,1
6626,0
6627,0
6628,1
6629,0
6630,0
6631,0
6632,0
6633,0
6634,0
6635,0
6636,1
6637,1
6638,1
6639,0
6640,1
6641,1
6642,1
6643,0
6644,0
6645,1
6646,1
6647,1
6648,1
6649,0
6650,0
6651,1
6652,0
6653,0
6654,0
6655,0
6656,0
6657,1
6658,0
6659,1
6660,0
6661,0
6662,0
6663,0
6664,0
6665,0
6666,1
6667,0
6668,0
6669,0
6670,0
6671,0
6672,0
6673,0
6674,0
6675,0
6676,1
6677,1
6678,0
6679,1
6680,1
6681,0
6682,0
6683,1
6684,0
6685,0
6686,0
6687,0
6688,0
6689,0
6690,0
6691,0
6692,1
6693,0
6694,0
6695,1
6696,0
6697,1
6698,1
6699,0
6700,1
6701,1
6702,0
6703,0
6704,0
6705,0
6706,1
6707,0
6708,1
6709,1
6710,1
6711,1
6712,0
6713,0
6714,0
6715,0
6716,0
6717,0
6718,0
6719,0
6720,0
6721,0
6722,0
6723,0
6724,0
6725,1
6726,1
6727,1
6728,1
6729,0
6730,0
6731,0
6732,0
6733,0
6734,1
6735,0
6736,0
6737,0
6738,0
6739,1
6740,0
6741,0
6742,0
6743,1
6744,0
6745,1
6746,0
6747,0
6748,0
6749,0
6750,0
6751,0
6752,0
6753,0
6754,0
6755,1
6756,0
6757,1
6758,0
6759,0
6760,1
6761,1
6762,1
6763,1
6764,1
6765,0
6766,0
6767,0
6768,1
6769,0
6770,0
6771,0
6772,1
6773,1
6774,0
6775,0
6776,1
6777,1
6778,0
6779,0
6780,1
6781,0
6782,1
6783,1
6784,0
6785,1
6786,0
6787,0
6788,0
6789,0
6790,1
6791,0
6792,0
6793,0
6794,1
6795,1
6796,1
6797,1
6798,1
6799,0
6800,0
6801,0
6802,0
6803,1
6804,0
6805,0
6806,0
6807,0
6808,0
6809,0
6810,1
6811,1
6812,1
6813,0
6814,1
6815,1
6816,1
6817,0
6818,1
6819,0
6820,0
6821,0
6822,0
6823,1
6824,1
6825,0
6826,0
6827,1
6828,0
6829,0
6830,1
6831,1
6832,0
6833,0
6834,0
6835,0
6836,0
6837,1
6838,1
6839,0
6840,1
6841,0
6842,1
6843,1
6844,0
6845,0
6846,0
6847,0
6848,0
6849,0
6850,0
6851,1
6852,0
6853,0
6854,0
6855,1
6856,1
6857,0
6858,0
6859,0
6860,0
6861,0
6862,1
6863,1
6864,1
6865,0
6866,0
6867,1
6868,1
6869,0
6870,1
6871,0
6872,0
6873,0
6874,1
6875,0
6876,0
6877,0
6878,0
6879,1
6880,1
6881,1
6882,0
6883,1
6884,0
6885,1
6886,1
6887,1
6888,0
6889,0
6890,0
6891,1
6892,0
6893,0
6894,0
6895,0
6896,0
6897,1
6898,1
6899,1
6900,1
6901,1
6902,0
6903,0
6904,0
6905,0
6906,1
6907,0
6908,0
6909,0
6910,1
6911,1
6912,1
6913,1
6914,0
6915,0
6916,0
6917,0
6918,0
6919,0
6920,1
6921,1
6922,0
6923,1
6924,1
6925,0
6926,1
6927,0
6928,1
6929,1
6930,0
6931,0
6932,0
6933,1
6934,1
6935,1
6936,0
6937,0
6938,1
6939,1
6940,0
6941,0
6942,0
6943,0
6944,0
6945,0
6946,0
6947,1
6948,1
6949,1
6950,0
6951,0
6952,1
6953,0
6954,1
6955,1
6956,0
6957,0
6958,0
6959,1
6960,0
6961,1
6962,1
6963,0
6964,0
6965,0
6966,0
6967,0
6968,0
6969,1
6970,0
6971,0
6972,1
6973,0
6974,1
6975,1
6976,0
6977,0
6978,0
6979,0
6980,0
6981,1
6982,1
6983,1
6984,0
6985,1
6986,1
6987,1
6988,1
6989,0
6990,0
6991,0
6992,0
6993,0
6994,1
6995,1
6996,1
6997,0
6998,1
6999,0
7000,0
7001,0
7002,0
7003,1
7004,0
7005,1
7006,0
7007,0
7008,1
7009,0
7010,1
7011,0
7012,0
7013,0
7014,0
7015,1
7016,0
7017,1
7018,1
7019,1
7020,1
7021,0
7022,1
7023,0
7024,0
7025,0
7026,0
7027,0
7028,0
7029,1
7030,1
7031,0
7032,0
7033,0
7034,1
7035,0
7036,1
7037,0
7038,0
7039,1
7040,0
7041,0
7042,1
7043,0
7044,1
7045,0
7046,1
7047,0
7048,0
7049,0
7050,1
7051,1
7052,0
7053,0
7054,0
7055,1
7056,0
7057,0
7058,0
7059,1
7060,0
7061,0
7062,1
7063,1
7064,0
7065,0
7066,1
7067,1
7068,1
7069,0
7070,0
7071,0
7072,0
7073,1
7074,0
7075,0
7076,1
7077,0
7078,0
7079,1
7080,0
7081,0
7082,0
7083,1
7084,0
7085,0
7086,0
7087,0
7088,0
7089,0
7090,1
7091,0
7092,1
7093,0
7094,0
7095,1
7096,0
7097,1
7098,1
7099,0
7100,0
7101,1
7102,1
7103,0
7104,0
7105,0
7106,1
7107,0
7108,0
7109,1
7110,1
7111,0
7112,1
7113,0
7114,1
7115,1
7116,1
7117,0
7118,0
7119,0
7120,0
7121,0
7122,1
7123,0
7124,0
7125,1
7126,0
7127,1
7128,0
7129,0
7130,0
7131,1
7132,0
7133,0
7134,0
7135,0
7136,0
7137,1
7138,0
7139,1
7140,0
7141,1
7142,0
7143,0
7144,0
7145,1
7146,0
7147,1
7148,0
7149,0
7150,0
7151,0
7152,0
7153,1
7154,0
7155,1
7156,0
7157,1
7158,0
7159,1
7160,1
7161,0
7162,0
7163,0
7164,1
7165,1
7166,0
7167,0
7168,0
7169,1
7170,0
7171,1
7172,1
7173,0
7174,0
7175,0
7176,0
7177,1
7178,1
7179,0
7180,0
7181,0
7182,1
7183,0
7184,1
7185,0
7186,0
7187,1
7188,1
7189,0
7190,0
7191,0
7192,1
7193,0
7194,1
7195,1
7196,1
7197,1
7198,0
7199,0
7200,0
7201,0
7202,0
7203,0
7204,1
7205,0
7206,1
7207,0
7208,0
7209,0
7210,0
7211,1
7212,0
7213,0
7214,0
7215,1
7216,1
7217,1
7218,1
7219,0
7220,1
7221,0
7222,1
7223,1
7224,0
7225,1
7226,1
7227,0
7228,1
7229,1
7230,0
7231,1
7232,0
7233,0
7234,0
7235,0
7236,0
7237,0
7238,1
7239,0
7240,0
7241,0
7242,1
7243,1
7244,1
7245,1
7246,1
7247,0
7248,0
7249,1
7250,0
7251,1
7252,0
7253,0
7254,1
7255,0
7256,1
7257,1
7258,0
7259,0
7260,1
7261,1
7262,1
7263,0
7264,0
7265,0
7266,0
7267,1
7268,1
7269,1
7270,0
7271,1
7272,1
7273,0
7274,0
7275,0
7276,1
7277,0
7278,1
7279,0
7280,0
7281,0
7282,1
7283,0
7284,0
7285,0
7286,0
7287,0
7288,0
7289,1
7290,0
7291,1
7292,1
7293,0
7294,0
7295,1
7296,0
7297,0
7298,0
7299,1
7300,1
7301,1
7302,0
7303,1
7304,0
7305,0
7306,0
7307,1
7308,0
7309,1
7310,1
7311,0
7312,0
7313,0
7314,0
7315,0
7316,0
7317,1
7318,0
7319,0
7320,0
7321,0
7322,1
7323,0
7324,1
7325,0
7326,0
7327,0
7328,0
7329,0
7330,1
7331,1
7332,1
7333,0
7334,1
7335,1
7336,0
7337,1
7338,0
7339,1
7340,0
7341,0
7342,0
7343,0
7344,0
7345,1
7346,0
7347,1
7348,0
7349,0
7350,0
7351,1
7352,0
7353,0
7354,0
7355,1
7356,0
7357,1
7358,0
7359,0
7360,0
7361,0
7362,1
7363,1
7364,1
7365,1
7366,1
7367,1
7368,1
7369,0
7370,1
7371,0
7372,0
7373,0
7374,0
7375,0
7376,0
7377,0
7378,0
7379,0
7380,0
7381,0
7382,0
7383,1
7384,0
7385,0
7386,0
7387,0
7388,1
7389,0
7390,0
7391,1
7392,1
7393,1
7394,0
7395,0
7396,1
7397,0
7398,0
7399,0
7400,0
7401,0
7402,0
7403,0
7404,1
7405,0
7406,1
7407,0
7408,1
7409,1
7410,1
7411,0
7412,1
7413,1
7414,0
7415,0
7416,1
7417,0
7418,0
7419,0
7420,1
7421,1
7422,0
7423,1
7424,0
7425,1
7426,1
7427,0
7428,1
7429,1
7430,0
7431,0
7432,0
7433,0
7434,1
7435,0
7436,1
7437,0
7438,1
7439,0
7440,0
7441,1
7442,0
7443,1
7444,0
7445,1
7446,1
7447,1
7448,0
7449,1
7450,0
7451,1
7452,1
7453,0
7454,0
7455,1
7456,0
7457,0
7458,1
7459,0
7460,1
7461,0
7462,0
7463,0
7464,0
7465,0
7466,0
7467,0
7468,0
7469,1
7470,0
7471,0
7472,0
7473,0
7474,0
7475,1
7476,0
7477,0
7478,1
7479,1
7480,1
7481,0
7482,0
7483,0
7484,0
7485,0
7486,0
7487,1
7488,0
7489,0
7490,1
7491,1
7492,0
7493,0
7494,0
7495,0
7496,0
7497,0
7498,1
7499,1
7500,0
7501,0
7502,0
7503,0
7504,1
7505,0
7506,0
7507,1
7508,0
7509,1
7510,0
7511,1
7512,1
7513,1
7514,0
7515,0
7516,0
7517,1
7518,0
7519,0
7520,1
7521,1
7522,0
7523,0
7524,0
7525,0
7526,0
7527,0
7528,0
7529,0
7530,1
7531,1
7532,0
7533,1
7534,0
7535,0
7536,0
7537,1
7538,0
7539,1
7540,1
7541,0
7542,0
7543,1
7544,0
7545,1
7546,1
7547,1
7548,0
7549,0
7550,0
7551,1
7552,0
7553,1
7554,0
7555,1
7556,1
7557,0
7558,1
7559,0
7560,0
7561,0
7562,0
7563,0
7564,0
7565,0
7566,0
7567,0
7568,1
7569,0
7570,1
7571,0
7572,0
7573,0
7574,0
7575,1
7576,0
7577,0
7578,1
7579,1
7580,1
7581,0
7582,0
7583,0
7584,1
7585,0
7586,1
7587,0
7588,1
7589,1
7590,0
7591,0
7592,0
7593,0
7594,0
7595,0
7596,0
7597,0
7598,1
7599,0
7600,1
7601,1
7602,0
7603,0
7604,0
7605,0
7606,1
7607,0
7608,0
7609,0
7610,0
7611,0
7612,0
7613,1
7614,0
7615,0
7616,1
7617,1
7618,0
7619,1
7620,0
7621,0
7622,0
7623,0
7624,0
7625,0
7626,1
7627,0
7628,0
7629,0
7630,1
7631,0
7632,0
7633,0
7634,0
7635,1
7636,1
7637,0
7638,0
7639,1
7640,1
7641,1
7642,1
7643,0
7644,1
7645,1
7646,0
7647,0
7648,0
7649,0
7650,1
7651,0
7652,0
7653,1
7654,0
7655,0
7656,0
7657,0
7658,0
7659,1
7660,0
7661,1
7662,0
7663,0
7664,0
7665,0
7666,0
7667,1
7668,1
7669,0
7670,1
7671,0
7672,1
7673,1
7674,0
7675,0
7676,0
7677,0
7678,0
7679,0
7680,0
7681,0
7682,1
7683,0
7684,0
7685,1
7686,0
7687,1
7688,1
7689,0
7690,0
7691,1
7692,0
7693,0
7694,0
7695,0
7696,0
7697,1
7698,1
7699,0
7700,0
7701,0
7702,1
7703,0
7704,0
7705,0
7706,0
7707,1
7708,0
7709,0
7710,0
7711,1
7712,0
7713,1
7714,0
7715,1
7716,1
7717,0
7718,1
7719,1
7720,0
7721,0
7722,1
7723,1
7724,0
7725,1
7726,0
7727,0
7728,1
7729,0
7730,0
7731,1
7732,0
7733,1
7734,0
7735,0
7736,0
7737,0
7738,0
7739,1
7740,0
7741,1
7742,0
7743,0
7744,1
7745,0
7746,0
7747,0
7748,1
7749,0
7750,0
7751,0
7752,0
7753,0
7754,0
7755,0
7756,0
7757,0
7758,0
7759,0
7760,1
7761,0
7762,1
7763,1
7764,1
7765,0
7766,1
7767,0
7768,0
7769,0
7770,0
7771,1
7772,1
7773,1
7774,0
7775,1
7776,0
7777,0
7778,0
7779,0
7780,0
7781,1
7782,1
7783,0
7784,1
7785,0
7786,0
7787,0
7788,0
7789,0
7790,0
7791,0
7792,0
7793,1
7794,0
7795,1
7796,0
7797,0
7798,0
7799,0
7800,0
7801,0
7802,0
7803,0
7804,0
7805,1
7806,0
7807,1
7808,0
7809,0
7810,0
7811,0
7812,0
7813,0
7814,0
7815,1
7816,0
7817,0
7818,0
7819,0
7820,0
7821,0
7822,0
7823,0
7824,1
7825,0
7826,0
7827,0
7828,0
7829,0
7830,0
7831,0
7832,0
7833,1
7834,0
7835,1
7836,1
7837,0
7838,0
7839,1
7840,0
7841,0
7842,0
7843,0
7844,1
7845,0
7846,1
7847,1
7848,0
7849,0
7850,1
7851,0
7852,0
7853,0
7854,1
7855,0
7856,1
7857,1
7858,1
7859,0
7860,0
7861,1
7862,1
7863,1
7864,0
7865,0
7866,0
7867,0
7868,0
7869,0
7870,0
7871,1
7872,1
7873,0
7874,0
7875,0
7876,0
7877,1
7878,0
7879,0
7880,1
7881,0
7882,0
7883,1
7884,0
7885,0
7886,0
7887,0
7888,1
7889,0
7890,0
7891,0
7892,0
7893,0
7894,0
7895,1
7896,0
7897,0
7898,0
7899,1
7900,0
7901,0
7902,1
7903,1
7904,0
7905,1
7906,0
7907,0
7908,1
7909,0
7910,1
7911,1
7912,0
7913,0
7914,0
7915,0
7916,0
7917,0
7918,0
7919,1
7920,0
7921,0
7922,1
7923,0
7924,0
7925,1
7926,0
7927,1
7928,0
7929,0
7930,0
7931,0
7932,0
7933,1
7934,1
7935,0
7936,0
7937,0
7938,1
7939,0
7940,0
7941,1
7942,1
7943,1
7944,1
7945,0
7946,1
7947,0
7948,0
7949,0
7950,1
7951,1
7952,1
7953,1
7954,0
7955,0
7956,0
7957,1
7958,0
7959,1
7960,1
7961,0
7962,0
7963,0
7964,0
7965,0
7966,0
7967,0
7968,1
7969,0
7970,0
7971,1
7972,1
7973,0
7974,0
7975,0
7976,1
7977,1
7978,0
7979,0
7980,0
7981,0
7982,0
7983,0
7984,1
7985,0
7986,1
7987,0
7988,0
7989,1
7990,0
7991,1
7992,1
7993,0
7994,1
7995,1
7996,0
7997,1
7998,0
7999,0
8000,0
8001,0
8002,0
8003,0
8004,0
8005,1
8006,0
8007,1
8008,0
8009,0
8010,1
8011,1
8012,1
8013,1
8014,1
8015,1
8016,0
8017,0
8018,0
8019,1
8020,0
8021,1
8022,1
8023,0
8024,1
8025,0
8026,0
8027,1
8028,0
8029,1
8030,0
8031,1
8032,0
8033,0
8034,0
8035,0
8036,0
8037,1
8038,0
8039,0
8040,1
8041,0
8042,0
8043,0
8044,0
8045,1
8046,1
8047,0
8048,0
8049,1
8050,0
8051,0
8052,0
8053,1
8054,0
8055,0
8056,0
8057,0
8058,0
8059,1
8060,0
8061,1
8062,0
8063,0
8064,1
8065,1
8066,0
8067,0
8068,0
8069,0
8070,0
8071,0
8072,0
8073,0
8074,0
8075,1
8076,1
8077,0
8078,0
8079,1
8080,0
8081,0
8082,1
8083,0
8084,1
8085,1
8086,0
8087,0
8088,0
8089,1
8090,0
8091,0
8092,1
8093,1
8094,0
8095,0
8096,0
8097,0
8098,0
8099,0
8100,0
8101,0
8102,1
8103,0
8104,1
8105,1
8106,1
8107,0
8108,0
8109,0
8110,1
8111,0
8112,0
8113,1
8114,1
8115,1
8116,0
8117,1
8118,1
8119,1
8120,0
8121,0
8122,0
8123,0
8124,0
8125,0
8126,0
8127,0
8128,0
8129,0
8130,0
8131,1
8132,0
8133,0
8134,0
8135,1
8136,0
8137,1
8138,0
8139,0
8140,1
8141,1
8142,0
8143,1
8144,1
8145,0
8146,0
8147,0
8148,1
8149,1
8150,0
8151,0
8152,1
8153,0
8154,0
8155,0
8156,0
8157,0
8158,0
8159,0
8160,1
8161,1
8162,0
8163,0
8164,1
8165,0
8166,0
8167,0
8168,1
8169,0
8170,1
8171,1
8172,1
8173,0
8174,0
8175,0
8176,0
8177,0
8178,0
8179,0
8180,0
8181,0
8182,1
8183,0
8184,1
8185,0
8186,0
8187,0
8188,1
8189,0
8190,0
8191,1
8192,0
8193,0
8194,0
8195,1
8196,0
8197,1
8198,0
8199,1
8200,1
8201,0
8202,0
8203,1
8204,1
8205,0
8206,1
8207,0
8208,1
8209,1
8210,0
8211,0
8212,1
8213,1
8214,1
8215,0
8216,1
8217,0
8218,1
8219,0
8220,1
8221,0
8222,1
8223,1
8224,0
8225,0
8226,1
8227,1
8228,1
8229,1
8230,0
8231,0
8232,0
8233,1
8234,0
8235,0
8236,1
8237,0
8238,1
8239,1
8240,1
8241,0
8242,0
8243,0
8244,0
8245,0
8246,1
8247,1
8248,0
8249,1
8250,0
8251,0
8252,0
8253,1
8254,1
8255,1
8256,1
8257,0
8258,0
8259,0
8260,0
8261,1
8262,1
8263,1
8264,1
8265,1
8266,1
8267,1
8268,0
8269,1
8270,0
8271,0
8272,1
8273,0
8274,0
8275,0
8276,1
8277,1
8278,0
8279,1
8280,0
8281,0
8282,0
8283,0
8284,0
8285,0
8286,1
8287,0
8288,0
8289,1
8290,1
8291,0
8292,0
8293,0
8294,0
8295,0
8296,1
8297,0
8298,0
8299,0
8300,1
8301,1
8302,1
8303,1
8304,0
8305,0
8306,1
8307,1
8308,0
8309,0
8310,0
8311,0
8312,0
8313,1
8314,0
8315,0
8316,0
8317,0
8318,1
8319,0
8320,0
8321,0
8322,1
8323,1
8324,0
8325,0
8326,0
8327,0
8328,0
8329,0
8330,0
8331,0
8332,0
8333,1
8334,0
8335,0
8336,0
8337,0
8338,1
8339,0
8340,0
8341,1
8342,1
8343,1
8344,1
8345,0
8346,1
8347,1
8348,0
8349,0
8350,1
8351,0
8352,1
8353,0
8354,0
8355,0
8356,0
8357,1
8358,1
8359,1
8360,1
8361,0
8362,0
8363,0
8364,0
8365,0
8366,0
8367,1
8368,0
8369,0
8370,0
8371,0
8372,0
8373,0
8374,0
8375,0
8376,0
8377,0
8378,0
8379,1
8380,0
8381,0
8382,1
8383,0
8384,0
8385,0
8386,0
8387,0
